rep,method,n,conversion,theta0,theta1,se0,se1,moment_norm
0,CQ-DML: b e m corretos,30000,0.0581,-0.41438080820722284,-0.22183375756013374,0.06898667485070394,0.06898667485070394,4.1627119709690456e-18
0,CQ-DML: apenas m correto,30000,0.0581,-0.4438690713174527,-0.207120592732472,0.074416458908163,0.074416458908163,8.5216427466434e-19
0,CQ-DML: apenas b correto,30000,0.0581,-0.42355328500321204,-0.23978225131052555,0.06078582803813807,0.060785828038138076,1.6684725432874223e-18
0,CQ-DML: ambos incorretos,30000,0.0581,0.6591018618030491,-0.7993784256485152,0.06636463073300021,0.06636463073300021,4.648806844298817e-16
0,Q: densidade correta,30000,0.0581,-0.4253365395600063,-0.24243781964390815,0.06929277285682278,0.06929277285682278,7.34063330444902e-10
0,Q: densidade incorreta,30000,0.0581,-0.2880750106590518,0.6310641577661813,0.06874343300861412,0.06874343300861412,5.678796070430515e-12
1,CQ-DML: b e m corretos,30000,0.059866666666666665,-0.2842176936528389,-0.24328351343890303,0.06746553345400028,0.06746553345400026,1.3634611134858323e-18
1,CQ-DML: apenas m correto,30000,0.059866666666666665,-0.29153518428161085,-0.23953570246613906,0.07240492834377919,0.07240492834377918,6.65304244961441e-19
1,CQ-DML: apenas b correto,30000,0.059866666666666665,-0.2655983037515068,-0.2553945459188464,0.061151336052990855,0.061151336052990835,4.400178460592801e-18
1,CQ-DML: ambos incorretos,30000,0.059866666666666665,0.7990993770676131,-0.8133591034457861,0.06964725185835251,0.0696472518583525,6.094936114042475e-19
1,Q: densidade correta,30000,0.059866666666666665,-0.30039420347544893,-0.26103502105164167,0.07234803713603533,0.07234803713603533,2.290772747526678e-10
1,Q: densidade incorreta,30000,0.059866666666666665,-0.16847373849921982,0.6271822938976159,0.07266805690620282,0.07266805690620282,1.1871563861178773e-10
2,CQ-DML: b e m corretos,30000,0.0605,-0.29444759969320494,-0.24846317333766485,0.07105304068421714,0.07105304068421713,1.0169679707416928e-18
2,CQ-DML: apenas m correto,30000,0.0605,-0.28420977508781353,-0.2729161839994307,0.07593345013773474,0.07593345013773474,3.8886533481684423e-17
2,CQ-DML: apenas b correto,30000,0.0605,-0.29003427204784576,-0.2403121314573953,0.0634569342752494,0.06345693427524941,9.898004181238717e-19
2,CQ-DML: ambos incorretos,30000,0.0605,0.8237180097089553,-0.8452989974079271,0.071953790748029,0.071953790748029,8.031334148557823e-19
2,Q: densidade correta,30000,0.0605,-0.3084893029010032,-0.26623118090691816,0.06720886957525721,0.06720886957525721,2.7295574974773105e-11
2,Q: densidade incorreta,30000,0.0605,-0.18082560700864506,0.62004975170421,0.06647321605627095,0.06647321605627095,9.473070294366345e-11
3,CQ-DML: b e m corretos,30000,0.058366666666666664,-0.3928342709938408,-0.20522475123468742,0.06623155696267627,0.06623155696267628,1.3048032757839345e-17
3,CQ-DML: apenas m correto,30000,0.058366666666666664,-0.41774060325062157,-0.17683200991745232,0.07067790307643766,0.07067790307643765,6.611994098724689e-19
3,CQ-DML: apenas b correto,30000,0.058366666666666664,-0.4060093168914631,-0.21896777304563922,0.05859402123434056,0.05859402123434057,2.1064553587506243e-18
3,CQ-DML: ambos incorretos,30000,0.058366666666666664,0.6554909498597667,-0.7383852317904654,0.06428837042454254,0.06428837042454254,1.7665066786997742e-15
3,Q: densidade correta,30000,0.058366666666666664,-0.3990776003065538,-0.20153932389200235,0.07483125339425925,0.07483125339425926,1.465551832668172e-10
3,Q: densidade incorreta,30000,0.058366666666666664,-0.27308517833936063,0.6771705933509642,0.07282472507072552,0.07282472507072552,7.739501541474931e-11
4,CQ-DML: b e m corretos,30000,0.05963333333333334,-0.44408950689604204,-0.10263167226252456,0.06931590781910087,0.06931590781910087,1.6189496061528917e-18
4,CQ-DML: apenas m correto,30000,0.05963333333333334,-0.4407445665916501,-0.091680149955243,0.07432913474335995,0.07432913474335996,1.3943969920683368e-18
4,CQ-DML: apenas b correto,30000,0.05963333333333334,-0.4539820532442461,-0.09703376361277602,0.0587537965380033,0.058753796538003306,8.405742497934004e-19
4,CQ-DML: ambos incorretos,30000,0.05963333333333334,0.6361881517727216,-0.6482843745943888,0.06131729641753305,0.06131729641753304,5.295590493706392e-19
4,Q: densidade correta,30000,0.05963333333333334,-0.4255408975486962,-0.10315122263750484,0.06870814658359616,0.06870814658359616,1.616979053205147e-10
4,Q: densidade incorreta,30000,0.05963333333333334,-0.3028739737807436,0.7860452504275364,0.06880785278693326,0.06880785278693324,5.8114565558461057e-11
5,CQ-DML: b e m corretos,30000,0.060833333333333336,-0.36490890893471406,-0.2476485094707218,0.06248936320894922,0.06248936320894922,7.47565867607695e-18
5,CQ-DML: apenas m correto,30000,0.060833333333333336,-0.35863372926934645,-0.24053981739254426,0.06549650701584932,0.0654965070158493,2.4245383567102915e-18
5,CQ-DML: apenas b correto,30000,0.060833333333333336,-0.4101794870138745,-0.19502789784905475,0.05638485172303824,0.05638485172303824,5.222504777685865e-19
5,CQ-DML: ambos incorretos,30000,0.060833333333333336,0.6128348898067374,-0.6887145529888412,0.060847382599523325,0.06084738259952333,1.0064970638542324e-15
5,Q: densidade correta,30000,0.060833333333333336,-0.35754635106345184,-0.23636995083259552,0.0661768198005437,0.06617681980054373,2.1982469622323687e-11
5,Q: densidade incorreta,30000,0.060833333333333336,-0.22942572636964337,0.6435182935526708,0.06558021424950446,0.06558021424950446,5.489995012872948e-10
6,CQ-DML: b e m corretos,30000,0.0585,-0.39813813449535757,-0.18772630805269291,0.06744336485133262,0.06744336485133262,4.191455429040961e-18
6,CQ-DML: apenas m correto,30000,0.0585,-0.42252800500354565,-0.16998402800431464,0.07234145831629747,0.07234145831629747,3.2350903378191156e-18
6,CQ-DML: apenas b correto,30000,0.0585,-0.40073790262753906,-0.20690755532158084,0.059373743228078146,0.059373743228078146,1.6417802856701187e-18
6,CQ-DML: ambos incorretos,30000,0.0585,0.6716957300713156,-0.739326143748089,0.06488097728771684,0.06488097728771684,6.384941532505327e-16
6,Q: densidade correta,30000,0.0585,-0.4033899548253577,-0.18272990348725898,0.07288801578976434,0.07288801578976434,1.6364174957131197e-10
6,Q: densidade incorreta,30000,0.0585,-0.27168381995103674,0.6889726425319097,0.07163768198464952,0.0716376819846495,9.924255140725765e-11
7,CQ-DML: b e m corretos,30000,0.059366666666666665,-0.22519581999541083,-0.3873534117542028,0.06730246923056173,0.06730246923056174,3.30130504549075e-18
7,CQ-DML: apenas m correto,30000,0.059366666666666665,-0.23031983480626436,-0.37465641951568357,0.07199111451641407,0.07199111451641407,2.3024021413182096e-18
7,CQ-DML: apenas b correto,30000,0.059366666666666665,-0.23676784446497826,-0.3748653388078732,0.06328891842246852,0.06328891842246852,1.4641673780272674e-18
7,CQ-DML: ambos incorretos,30000,0.059366666666666665,0.8395880719803921,-0.9193316033066281,0.07442326826273722,0.07442326826273722,4.151655824048077e-16
7,Q: densidade correta,30000,0.059366666666666665,-0.2161688884458164,-0.3915935370483927,0.06894966620663658,0.06894966620663659,4.3058064614648753e-10
7,Q: densidade incorreta,30000,0.059366666666666665,-0.09106989987724809,0.4941612446755284,0.06881423660762143,0.06881423660762143,3.4033113145935993e-12
8,CQ-DML: b e m corretos,30000,0.05976666666666667,-0.3895919430916699,-0.16860273499884984,0.06687302769333121,0.06687302769333121,1.3441163221375842e-18
8,CQ-DML: apenas m correto,30000,0.05976666666666667,-0.39346079742510637,-0.1533685401143341,0.0717447276329242,0.07174472763292418,1.6296112958803029e-18
8,CQ-DML: apenas b correto,30000,0.05976666666666667,-0.37926532256122353,-0.17337492238944213,0.058461827747568466,0.05846182774756848,4.48435173856993e-18
8,CQ-DML: ambos incorretos,30000,0.05976666666666667,0.6813351669912779,-0.69082876802155,0.06316542484741293,0.06316542484741293,2.0189675326948046e-18
8,Q: densidade correta,30000,0.05976666666666667,-0.3849294419685517,-0.14473236334509326,0.07420211929001312,0.07420211929001311,2.2466129962877747e-10
8,Q: densidade incorreta,30000,0.05976666666666667,-0.2670198908081666,0.7508399018592583,0.07528469353834892,0.07528469353834892,4.5555290714684896e-10
9,CQ-DML: b e m corretos,30000,0.060066666666666664,-0.20174798785361606,-0.3311499004816678,0.06768551486012461,0.06768551486012461,8.828623958819338e-19
9,CQ-DML: apenas m correto,30000,0.060066666666666664,-0.21790548855543262,-0.31203958716029684,0.07240291019730181,0.0724029101973018,9.601803488125773e-19
9,CQ-DML: apenas b correto,30000,0.060066666666666664,-0.20689624568159556,-0.31789234722969145,0.06308064178207634,0.06308064178207634,2.925393676276057e-18
9,CQ-DML: ambos incorretos,30000,0.060066666666666664,0.8650471976969935,-0.8661177294426866,0.0732210243612747,0.0732210243612747,4.675284847554095e-19
9,Q: densidade correta,30000,0.060066666666666664,-0.19153125476531419,-0.3338434796176843,0.06866507216794673,0.06866507216794673,5.797403799358164e-10
9,Q: densidade incorreta,30000,0.060066666666666664,-0.060807775340031206,0.5444456232826602,0.06673829137969213,0.06673829137969213,6.143859670781259e-12
10,CQ-DML: b e m corretos,30000,0.06166666666666667,-0.3378271277667054,-0.1853038020266537,0.06549998274838995,0.06549998274838996,1.476326992287848e-18
10,CQ-DML: apenas m correto,30000,0.06166666666666667,-0.31072426212152704,-0.23179935600297086,0.06846110637567385,0.06846110637567386,1.4366568401912157e-18
10,CQ-DML: apenas b correto,30000,0.06166666666666667,-0.3909762016996102,-0.12839781519286234,0.058065323480811205,0.0580653234808112,3.7393993321274883e-19
10,CQ-DML: ambos incorretos,30000,0.06166666666666667,0.6769810519793525,-0.6971105223870897,0.06251915848675076,0.06251915848675076,5.1126358619531004e-18
10,Q: densidade correta,30000,0.06166666666666667,-0.36645189676305495,-0.21343938253371067,0.06160744436642097,0.06160744436642097,1.7642263753715363e-10
10,Q: densidade incorreta,30000,0.06166666666666667,-0.24207844677952972,0.671732093655931,0.062476529744092395,0.0624765297440924,7.940869966342494e-10
11,CQ-DML: b e m corretos,30000,0.06303333333333333,-0.3619652888634953,-0.19166530225975806,0.06349187195871547,0.06349187195871547,1.0938249292406307e-18
11,CQ-DML: apenas m correto,30000,0.06303333333333333,-0.34598028658964775,-0.2045854801221013,0.06634658896338916,0.06634658896338914,9.043286684740986e-19
11,CQ-DML: apenas b correto,30000,0.06303333333333333,-0.3392239622018841,-0.17891382161435906,0.05680883992960102,0.05680883992960105,2.2038545356126592e-18
11,CQ-DML: ambos incorretos,30000,0.06303333333333333,0.6742185725374676,-0.6800220858908188,0.062176628932403354,0.06217662893240335,2.248663939735105e-18
11,Q: densidade correta,30000,0.06303333333333333,-0.38268214588299815,-0.16406554492159883,0.07428609477962293,0.07428609477962293,2.394229399096151e-10
11,Q: densidade incorreta,30000,0.06303333333333333,-0.2475419390077326,0.7022267018398067,0.07412698944769425,0.07412698944769425,3.335961858253964e-10
12,CQ-DML: b e m corretos,30000,0.0597,-0.4000079881986556,-0.058734280779321225,0.07162052970765928,0.07162052970765928,1.581583675145154e-18
12,CQ-DML: apenas m correto,30000,0.0597,-0.39675330426016187,-0.07029065889726571,0.07667072590378633,0.07667072590378635,9.425664486363065e-19
12,CQ-DML: apenas b correto,30000,0.0597,-0.3916259670838613,-0.09817713780515748,0.060387043835122584,0.06038704383512256,1.29394642864315e-18
12,CQ-DML: ambos incorretos,30000,0.0597,0.701662422456744,-0.6675829379587872,0.06379770076210134,0.06379770076210134,1.49233245232228e-16
12,Q: densidade correta,30000,0.0597,-0.4100302959410101,-0.07663079111750784,0.07167743280343776,0.07167743280343775,2.847163360725106e-10
12,Q: densidade incorreta,30000,0.0597,-0.2847186612579843,0.7984610508274591,0.07166075728333281,0.07166075728333281,5.878583367098683e-10
13,CQ-DML: b e m corretos,30000,0.05826666666666667,-0.36244525235357755,-0.21633415667041442,0.06811044778655388,0.0681104477865539,5.216890892529252e-18
13,CQ-DML: apenas m correto,30000,0.05826666666666667,-0.35322615949300434,-0.22370866727211347,0.07214776404314038,0.07214776404314038,3.474969347339278e-18
13,CQ-DML: apenas b correto,30000,0.05826666666666667,-0.3631029652546931,-0.22788654481908283,0.06040094435640802,0.06040094435640802,1.0562472162023312e-18
13,CQ-DML: ambos incorretos,30000,0.05826666666666667,0.7241599826695793,-0.7805247573225904,0.06687950462426695,0.06687950462426695,2.5216870760363092e-17
13,Q: densidade correta,30000,0.05826666666666667,-0.36388084694148737,-0.21825718920927653,0.07002527386120089,0.07002527386120089,3.009873121864115e-10
13,Q: densidade incorreta,30000,0.05826666666666667,-0.22232804687253,0.6564050488877131,0.06933444505675372,0.06933444505675374,8.713526257376058e-11
14,CQ-DML: b e m corretos,30000,0.061766666666666664,-0.4770775894484204,-0.08409308849496587,0.0736371076655655,0.07363710766556551,7.237981484864674e-19
14,CQ-DML: apenas m correto,30000,0.061766666666666664,-0.4611135533236207,-0.08956246959388381,0.07914670514049892,0.07914670514049892,1.6369715321033128e-18
14,CQ-DML: apenas b correto,30000,0.061766666666666664,-0.3890915394522016,-0.13854454244609357,0.06149454309603549,0.061494543096035456,2.606770721403094e-18
14,CQ-DML: ambos incorretos,30000,0.061766666666666664,0.7189812076351076,-0.7135912701212225,0.06602544922290701,0.06602544922290701,2.8306142940440493e-18
14,Q: densidade correta,30000,0.061766666666666664,-0.468366703797016,-0.07624919620532442,0.07293167615300998,0.07293167615300998,8.444911774983996e-10
14,Q: densidade incorreta,30000,0.061766666666666664,-0.3101089878692988,0.7827874473847914,0.07383668168148878,0.07383668168148878,1.4074258194236941e-09
15,CQ-DML: b e m corretos,30000,0.062066666666666666,-0.42785184217961475,-0.09726101501715798,0.07374511734052495,0.07374511734052493,1.3186075264949066e-18
15,CQ-DML: apenas m correto,30000,0.062066666666666666,-0.38475576199276706,-0.14916399640818168,0.07678831649936389,0.07678831649936389,1.0611767304780472e-18
15,CQ-DML: apenas b correto,30000,0.062066666666666666,-0.45820465706644947,-0.05679932259725997,0.061382179404544025,0.06138217940454404,9.420157223199745e-19
15,CQ-DML: ambos incorretos,30000,0.062066666666666666,0.6935447461018718,-0.6989466882770285,0.06411464098738752,0.06411464098738752,9.325807436644523e-19
15,Q: densidade correta,30000,0.062066666666666666,-0.42599434185945995,-0.11546037656856756,0.06494178338136238,0.06494178338136238,1.4248810536634232e-10
15,Q: densidade incorreta,30000,0.062066666666666666,-0.3301638190280027,0.7925654093364572,0.06471828493365472,0.06471828493365474,1.1821601346923358e-10
16,CQ-DML: b e m corretos,30000,0.05926666666666667,-0.3059772528725244,-0.2499928649378171,0.06677142473760779,0.06677142473760779,6.125156594006021e-19
16,CQ-DML: apenas m correto,30000,0.05926666666666667,-0.2993092729764478,-0.257186899570515,0.07088062272069809,0.07088062272069807,1.8220500172588424e-18
16,CQ-DML: apenas b correto,30000,0.05926666666666667,-0.32965568270685824,-0.23698915182327518,0.060160447910274195,0.060160447910274195,1.2866615522694912e-18
16,CQ-DML: ambos incorretos,30000,0.05926666666666667,0.7489158778235292,-0.8001891152061515,0.06730723143193781,0.0673072314319378,8.065278437312145e-18
16,Q: densidade correta,30000,0.05926666666666667,-0.3198261558679835,-0.2571177371745152,0.06802016450158828,0.06802016450158828,2.9454812679804374e-11
16,Q: densidade incorreta,30000,0.05926666666666667,-0.20219978829339938,0.6233721030178533,0.06782848392559036,0.06782848392559038,5.868304442173805e-11
17,CQ-DML: b e m corretos,30000,0.06096666666666667,-0.41112186970678066,-0.028593809764116677,0.07451237723632848,0.07451237723632846,1.2297568359595046e-18
17,CQ-DML: apenas m correto,30000,0.06096666666666667,-0.3901959142693064,-0.03638159186826265,0.08012952530694495,0.08012952530694493,1.2854551577737207e-18
17,CQ-DML: apenas b correto,30000,0.06096666666666667,-0.37826103132471717,-0.06787077157236306,0.06195375147242675,0.061953751472426766,8.436915403434781e-19
17,CQ-DML: ambos incorretos,30000,0.06096666666666667,0.7661296345672253,-0.6672142990898303,0.06595525552088555,0.06595525552088555,2.6517424769692523e-15
17,Q: densidade correta,30000,0.06096666666666667,-0.3737160342469575,-0.02764846580510952,0.06948653316164119,0.06948653316164118,1.760690523277032e-11
17,Q: densidade incorreta,30000,0.06096666666666667,-0.2460203805106777,0.8407173805000772,0.06954559042510439,0.06954559042510439,1.2470640759230303e-09
18,CQ-DML: b e m corretos,30000,0.0582,-0.47468890328730434,-0.09416946590854086,0.072702919349978,0.07270291934997801,8.170987849912343e-19
18,CQ-DML: apenas m correto,30000,0.0582,-0.4946898181422072,-0.06728091871763207,0.07956783704602303,0.07956783704602303,1.2100315106047024e-18
18,CQ-DML: apenas b correto,30000,0.0582,-0.437927204150643,-0.1585190415810332,0.06076854309254532,0.060768543092545334,6.86669734180396e-19
18,CQ-DML: ambos incorretos,30000,0.0582,0.6634069241205734,-0.7060221006210643,0.06426893898358026,0.06426893898358026,3.103062792960397e-16
18,Q: densidade correta,30000,0.0582,-0.4701926680210113,-0.0706716167266478,0.07776950737957629,0.07776950737957627,6.667810134346539e-10
18,Q: densidade incorreta,30000,0.0582,-0.3451991585732313,0.8078567415271978,0.07717993587150526,0.07717993587150526,8.690517631954061e-10
19,CQ-DML: b e m corretos,30000,0.0602,-0.33439534253110637,-0.22816090862319718,0.06688560316270235,0.06688560316270235,1.3735305743750957e-18
19,CQ-DML: apenas m correto,30000,0.0602,-0.3101569772231292,-0.2583668524681178,0.07065289355170348,0.07065289355170348,4.073431843255145e-18
19,CQ-DML: apenas b correto,30000,0.0602,-0.3364026999258286,-0.21951875345422145,0.060084913828610906,0.060084913828610906,1.4984282146492041e-18
19,CQ-DML: ambos incorretos,30000,0.0602,0.7511199665931915,-0.799265908681438,0.06748440928210976,0.06748440928210976,9.748385398162847e-18
19,Q: densidade correta,30000,0.0602,-0.356206258856797,-0.2335377771399353,0.06575172300211791,0.06575172300211791,1.244569207136946e-11
19,Q: densidade incorreta,30000,0.0602,-0.21558517059141305,0.632985710062652,0.06629571261529775,0.06629571261529776,5.937580659970437e-11
20,CQ-DML: b e m corretos,30000,0.0601,-0.484313460261026,-0.04627377160367833,0.07390493858715194,0.07390493858715194,4.359756436729413e-18
20,CQ-DML: apenas m correto,30000,0.0601,-0.5381348161556606,0.0037103324556956177,0.08298608784623006,0.08298608784623006,9.613562812782235e-19
20,CQ-DML: apenas b correto,30000,0.0601,-0.4239257361549902,-0.10213758786734849,0.06089780782314289,0.06089780782314289,3.4654998780807438e-18
20,CQ-DML: ambos incorretos,30000,0.0601,0.6674026842835756,-0.6965265060667442,0.06435160491646727,0.06435160491646727,1.0690779036078963e-17
20,Q: densidade correta,30000,0.0601,-0.49137982666306174,-0.07620341032736533,0.07419363618072039,0.07419363618072042,7.992876801094941e-10
20,Q: densidade incorreta,30000,0.0601,-0.3554214077655534,0.7921336721598441,0.07451660845175608,0.07451660845175609,7.329041127569496e-10
21,CQ-DML: b e m corretos,30000,0.06163333333333333,-0.31330631738384085,-0.24705071817542854,0.0694543566369972,0.0694543566369972,6.223604849421402e-19
21,CQ-DML: apenas m correto,30000,0.06163333333333333,-0.3424010165346959,-0.21952442312266815,0.07573128170361462,0.07573128170361464,7.273006176493183e-18
21,CQ-DML: apenas b correto,30000,0.06163333333333333,-0.30751696772655307,-0.22863107850975273,0.062247848806125515,0.062247848806125494,1.4462244879028772e-18
21,CQ-DML: ambos incorretos,30000,0.06163333333333333,0.7977871113366892,-0.8086518825933752,0.07031624179148606,0.07031624179148606,8.660847971143138e-19
21,Q: densidade correta,30000,0.06163333333333333,-0.2971448386688443,-0.255139318531922,0.06482752043298758,0.06482752043298758,4.742551181267139e-10
21,Q: densidade incorreta,30000,0.06163333333333333,-0.15678222549447068,0.6194748976340637,0.06533118051704706,0.06533118051704707,6.835757181157686e-11
22,CQ-DML: b e m corretos,30000,0.05896666666666667,-0.33512998950414874,-0.26783387349068294,0.06638171902985114,0.06638171902985114,1.0650752096874035e-18
22,CQ-DML: apenas m correto,30000,0.05896666666666667,-0.36811000533840277,-0.24228281555233372,0.07146490201780592,0.0714649020178059,7.847986826821139e-19
22,CQ-DML: apenas b correto,30000,0.05896666666666667,-0.3673055445180212,-0.24471109946685682,0.05956164041369837,0.05956164041369839,2.175380466097213e-18
22,CQ-DML: ambos incorretos,30000,0.05896666666666667,0.698455608949872,-0.7946751036018577,0.0671489896653342,0.0671489896653342,5.107623215559429e-15
22,Q: densidade correta,30000,0.05896666666666667,-0.3352994081391605,-0.2996865699568349,0.070796713620323,0.070796713620323,9.978269024558685e-10
22,Q: densidade incorreta,30000,0.05896666666666667,-0.23159562141808995,0.6108511402819163,0.07064918111304955,0.07064918111304953,6.037108048352007e-11
23,CQ-DML: b e m corretos,30000,0.061266666666666664,-0.26732388760749826,-0.20957711589238112,0.0651554615361084,0.0651554615361084,8.624181034493883e-19
23,CQ-DML: apenas m correto,30000,0.061266666666666664,-0.2467515933634156,-0.22864444995111224,0.06885847625316324,0.06885847625316324,1.9968291090803385e-18
23,CQ-DML: apenas b correto,30000,0.061266666666666664,-0.2979581457751404,-0.16937788120848088,0.058451935197359424,0.05845193519735941,5.562655917982703e-19
23,CQ-DML: ambos incorretos,30000,0.061266666666666664,0.7551684218227502,-0.7005482336838023,0.06437536616392336,0.06437536616392336,6.297110486641607e-17
23,Q: densidade correta,30000,0.061266666666666664,-0.27287307005578226,-0.19806049483017524,0.06587530213282247,0.06587530213282247,4.252838217568409e-11
23,Q: densidade incorreta,30000,0.061266666666666664,-0.15901539439677229,0.6974053637645367,0.06717848059387124,0.06717848059387124,1.1883498886412987e-10
24,CQ-DML: b e m corretos,30000,0.059666666666666666,-0.364256867179102,-0.09766688653686953,0.067603026488855,0.067603026488855,1.2357222182345786e-17
24,CQ-DML: apenas m correto,30000,0.059666666666666666,-0.3670898484079319,-0.08997152417685872,0.07218097047078666,0.07218097047078663,7.398581502295123e-19
24,CQ-DML: apenas b correto,30000,0.059666666666666666,-0.3498445847746313,-0.1243032054192097,0.05863381669802121,0.058633816698021216,1.140056209337154e-18
24,CQ-DML: ambos incorretos,30000,0.059666666666666666,0.7104036019033799,-0.6569119832961944,0.06354457064520411,0.06354457064520411,2.6048243162035635e-15
24,Q: densidade correta,30000,0.059666666666666666,-0.3825001591299212,-0.09774883577926637,0.07406317663459808,0.07406317663459808,2.0188998631207725e-10
24,Q: densidade incorreta,30000,0.059666666666666666,-0.23494704717812756,0.7811595221325477,0.07333749283855892,0.07333749283855893,4.941634828548612e-10
25,CQ-DML: b e m corretos,30000,0.058866666666666664,-0.3349717516181959,-0.1969556579809865,0.07314089895255163,0.07314089895255162,4.9424054502322196e-18
25,CQ-DML: apenas m correto,30000,0.058866666666666664,-0.33997019224076197,-0.18726061577668865,0.08012038310284869,0.0801203831028487,3.533122943373055e-18
25,CQ-DML: apenas b correto,30000,0.058866666666666664,-0.2909260598155532,-0.24785305991378956,0.06473597208631385,0.06473597208631383,2.788253914552626e-18
25,CQ-DML: ambos incorretos,30000,0.058866666666666664,0.8472353937409487,-0.8472987007198511,0.07323507646661111,0.07323507646661111,6.361098500994917e-19
25,Q: densidade correta,30000,0.058866666666666664,-0.32563284193232817,-0.20458560169704917,0.06826290736857739,0.0682629073685774,6.306702685488697e-11
25,Q: densidade incorreta,30000,0.058866666666666664,-0.1775883429370454,0.6586512505161929,0.06883933791524921,0.0688393379152492,1.8557027002933498e-10
26,CQ-DML: b e m corretos,30000,0.06133333333333333,-0.42687960640158407,-0.11992324030922068,0.07281452600248774,0.07281452600248774,3.0054872860689006e-19
26,CQ-DML: apenas m correto,30000,0.06133333333333333,-0.48014206819241445,-0.07268547791084908,0.0822245971857343,0.08222459718573429,2.911619065296587e-18
26,CQ-DML: apenas b correto,30000,0.06133333333333333,-0.4106952011531712,-0.12538537453848073,0.061412510655907464,0.061412510655907464,7.466823044037111e-19
26,CQ-DML: ambos incorretos,30000,0.06133333333333333,0.6782267181703049,-0.7049984626251729,0.06495752462453128,0.06495752462453128,3.272121958194001e-18
26,Q: densidade correta,30000,0.06133333333333333,-0.4100510738846653,-0.1536687865262272,0.06744890025484886,0.06744890025484886,2.68066450788363e-10
26,Q: densidade incorreta,30000,0.06133333333333333,-0.29244654730728276,0.7328322563274026,0.06849404776375148,0.06849404776375147,3.2769346399866345e-10
27,CQ-DML: b e m corretos,30000,0.05996666666666667,-0.4101023741839906,-0.10462171395356781,0.0740928667063559,0.07409286670635588,5.222662172994597e-19
27,CQ-DML: apenas m correto,30000,0.05996666666666667,-0.3702767569521541,-0.13043708374706864,0.0788957199324362,0.07889571993243619,1.5518335315596354e-18
27,CQ-DML: apenas b correto,30000,0.05996666666666667,-0.3506396774032892,-0.14892587528988827,0.06276333647035964,0.06276333647035964,1.9174865686982016e-18
27,CQ-DML: ambos incorretos,30000,0.05996666666666667,0.79501492685614,-0.7478051029529456,0.06824893747116678,0.06824893747116678,5.301420014370475e-17
27,Q: densidade correta,30000,0.05996666666666667,-0.39857541837408966,-0.08813885386513015,0.07168320045890086,0.07168320045890086,4.5832883620168957e-10
27,Q: densidade incorreta,30000,0.05996666666666667,-0.2532776320482823,0.7916156035745664,0.07216832029592105,0.07216832029592105,9.053190906221044e-10
28,CQ-DML: b e m corretos,30000,0.05683333333333333,-0.31618565012509736,-0.20609164093165083,0.07384214847593605,0.07384214847593606,1.792401884071121e-18
28,CQ-DML: apenas m correto,30000,0.05683333333333333,-0.2773967972459647,-0.24558151857415184,0.07884160775401769,0.07884160775401769,2.8571600507370516e-18
28,CQ-DML: apenas b correto,30000,0.05683333333333333,-0.3508217000838123,-0.23563581863122776,0.06487613997842266,0.06487613997842265,3.590293347254589e-19
28,CQ-DML: ambos incorretos,30000,0.05683333333333333,0.8178155081253325,-0.8487326789396602,0.07185378143137226,0.07185378143137226,1.8997633271354567e-18
28,Q: densidade correta,30000,0.05683333333333333,-0.32361781187373007,-0.20670664495470897,0.0632874815763299,0.06328748157632988,1.2362528395656121e-10
28,Q: densidade incorreta,30000,0.05683333333333333,-0.18935791757779138,0.6678771094037158,0.06312213167484126,0.06312213167484125,7.205386019777776e-11
29,CQ-DML: b e m corretos,30000,0.05963333333333334,-0.30257133801873254,-0.23458705590120293,0.06709054592383203,0.06709054592383204,5.094920568030901e-19
29,CQ-DML: apenas m correto,30000,0.05963333333333334,-0.3317655223969328,-0.20131613093494943,0.07287751748513684,0.07287751748513685,7.7675179234155205e-19
29,CQ-DML: apenas b correto,30000,0.05963333333333334,-0.2979105375902959,-0.24458860628867718,0.06052769396765863,0.06052769396765862,7.635897928899531e-18
29,CQ-DML: ambos incorretos,30000,0.05963333333333334,0.7796988427744742,-0.7606570192697283,0.06798980363150076,0.06798980363150076,2.5916719737945893e-18
29,Q: densidade correta,30000,0.05963333333333334,-0.2770150108097766,-0.23008146746870645,0.06979135533546117,0.06979135533546117,7.245190128290559e-11
29,Q: densidade incorreta,30000,0.05963333333333334,-0.14532113811832592,0.6446564896035487,0.07027593332577106,0.07027593332577103,8.998172258482886e-11
30,CQ-DML: b e m corretos,30000,0.06026666666666667,-0.3783416179715741,-0.1719788427637888,0.07660067988496015,0.07660067988496012,1.4113982356003884e-18
30,CQ-DML: apenas m correto,30000,0.06026666666666667,-0.42861102520906846,-0.1353089947754098,0.08533894071331588,0.08533894071331588,6.647394366887631e-19
30,CQ-DML: apenas b correto,30000,0.06026666666666667,-0.32363746576596586,-0.20159066754697946,0.06541645513364265,0.06541645513364264,4.1855905486638897e-19
30,CQ-DML: ambos incorretos,30000,0.06026666666666667,0.8347699456673681,-0.8340962475906396,0.07296271867992835,0.07296271867992833,1.062369810447341e-18
30,Q: densidade correta,30000,0.06026666666666667,-0.36286521720146486,-0.1922694048446302,0.07221743041522811,0.0722174304152281,3.6267197784354224e-12
30,Q: densidade incorreta,30000,0.06026666666666667,-0.23617894320302005,0.700011416936349,0.07034212827613293,0.07034212827613291,6.117615930526561e-10
31,CQ-DML: b e m corretos,30000,0.0595,-0.23644765361690387,-0.3070025810302464,0.06947947211955809,0.06947947211955809,1.9384065893063937e-18
31,CQ-DML: apenas m correto,30000,0.0595,-0.2519422668453956,-0.29800911389089296,0.07481217172375336,0.07481217172375337,1.978212328598638e-18
31,CQ-DML: apenas b correto,30000,0.0595,-0.24432199837704616,-0.3206209554632165,0.06412567424382401,0.064125674243824,3.2194080528499636e-19
31,CQ-DML: ambos incorretos,30000,0.0595,0.8745482609156452,-0.9049480225437951,0.07481821738938679,0.07481821738938679,1.4165342641789194e-18
31,Q: densidade correta,30000,0.0595,-0.23447699429619917,-0.3110841202984873,0.06519482319432365,0.06519482319432364,5.297005525559456e-10
31,Q: densidade incorreta,30000,0.0595,-0.10054159882669969,0.541379704449788,0.06506571276608197,0.06506571276608199,9.562742071475286e-12
32,CQ-DML: b e m corretos,30000,0.05973333333333333,-0.4126359105882883,-0.2577251853902208,0.07349975944706306,0.07349975944706304,3.13102915869202e-18
32,CQ-DML: apenas m correto,30000,0.05973333333333333,-0.42371648376305215,-0.24112137156520363,0.08058117786474836,0.08058117786474837,2.0489548882496287e-18
32,CQ-DML: apenas b correto,30000,0.05973333333333333,-0.4019210239491016,-0.2489028253373939,0.06417799198682363,0.06417799198682363,2.8112713698526704e-18
32,CQ-DML: ambos incorretos,30000,0.05973333333333333,0.7460825686199849,-0.8680104478048193,0.07090102800585567,0.07090102800585567,9.240458007009765e-16
32,Q: densidade correta,30000,0.05973333333333333,-0.39340000832426314,-0.2627813972273048,0.06343167706771866,0.06343167706771866,5.310827844138251e-10
32,Q: densidade incorreta,30000,0.05973333333333333,-0.26045373751318873,0.614268429495486,0.06320737018629238,0.06320737018629238,3.994951505282189e-11
33,CQ-DML: b e m corretos,30000,0.0576,-0.3350668736523941,-0.19148230737876715,0.0727908487386367,0.07279084873863668,1.2262941928882846e-18
33,CQ-DML: apenas m correto,30000,0.0576,-0.3263262288676524,-0.18475098420717148,0.07887333833247699,0.07887333833247696,6.519741862881018e-19
33,CQ-DML: apenas b correto,30000,0.0576,-0.31455262451042004,-0.2385789485315941,0.06396604870420006,0.06396604870420004,9.974505486336738e-19
33,CQ-DML: ambos incorretos,30000,0.0576,0.8415769130127664,-0.8438377871849283,0.07224301447209745,0.07224301447209744,1.3060361618781654e-18
33,Q: densidade correta,30000,0.0576,-0.3210389056946993,-0.19097939038427494,0.06955503802453049,0.0695550380245305,5.41693369202697e-10
33,Q: densidade incorreta,30000,0.0576,-0.1860703298054241,0.6848860984642257,0.06951277475921791,0.06951277475921791,2.1560835568159492e-10
34,CQ-DML: b e m corretos,30000,0.0607,-0.3252775838473032,-0.2014671409079811,0.06707743065766775,0.06707743065766775,2.254100223293898e-18
34,CQ-DML: apenas m correto,30000,0.0607,-0.34098841914110406,-0.1807042288241143,0.07202459465290423,0.07202459465290424,1.8727142833317464e-18
34,CQ-DML: apenas b correto,30000,0.0607,-0.3271531401975631,-0.1853744012785844,0.05964581701897123,0.05964581701897124,9.684385411090292e-19
34,CQ-DML: ambos incorretos,30000,0.0607,0.7456045763577002,-0.7439210734056678,0.06657424288141624,0.06657424288141624,7.292821324031431e-19
34,Q: densidade correta,30000,0.0607,-0.32540136157875854,-0.2129772938246579,0.0696315382407181,0.0696315382407181,1.0206577816071077e-11
34,Q: densidade incorreta,30000,0.0607,-0.1899679139822788,0.6754706064395289,0.06874617029861751,0.06874617029861751,1.3955047122797247e-10
35,CQ-DML: b e m corretos,30000,0.06256666666666667,-0.39553697250676306,-0.1960778955487565,0.07116745793955233,0.07116745793955233,4.134253736144761e-18
35,CQ-DML: apenas m correto,30000,0.06256666666666667,-0.39790924422435103,-0.19513772120480039,0.07673865983204121,0.07673865983204124,3.072358439457616e-18
35,CQ-DML: apenas b correto,30000,0.06256666666666667,-0.39510326228264353,-0.14732484395035703,0.061301839836023116,0.061301839836023136,1.6160339784218502e-18
35,CQ-DML: ambos incorretos,30000,0.06256666666666667,0.7240328503645925,-0.7597835501311268,0.06696134480001897,0.06696134480001897,7.236376074396822e-17
35,Q: densidade correta,30000,0.06256666666666667,-0.39006125553485516,-0.20582570314067483,0.06671469022075957,0.06671469022075957,5.340327152827585e-12
35,Q: densidade incorreta,30000,0.06256666666666667,-0.2876655306099422,0.7057891578924571,0.06735758871389165,0.06735758871389166,2.614935117712338e-10
36,CQ-DML: b e m corretos,30000,0.0599,-0.3980543553115772,-0.0996015983987239,0.0744878846567745,0.07448788465677449,1.4977956057925214e-18
36,CQ-DML: apenas m correto,30000,0.0599,-0.4137036456583553,-0.08849790743107118,0.08182540601858858,0.08182540601858858,1.756793708749593e-19
36,CQ-DML: apenas b correto,30000,0.0599,-0.37907438027939017,-0.12668537097898372,0.0627469965421384,0.06274699654213839,1.5554820442268307e-18
36,CQ-DML: ambos incorretos,30000,0.0599,0.7393168201140936,-0.7165280325601879,0.0668683821369564,0.0668683821369564,2.5135689163016777e-18
36,Q: densidade correta,30000,0.0599,-0.3824445018583909,-0.12642729043285855,0.06802064456598785,0.06802064456598785,8.319629238262399e-11
36,Q: densidade incorreta,30000,0.0599,-0.250332448418124,0.7584469212436801,0.06833636995342067,0.06833636995342067,5.097114356220395e-10
37,CQ-DML: b e m corretos,30000,0.05993333333333333,-0.34266168917723616,-0.2480763316055224,0.07311467458855933,0.07311467458855933,4.9076752131760244e-18
37,CQ-DML: apenas m correto,30000,0.05993333333333333,-0.33937216051867336,-0.2556970108565996,0.07926055285449603,0.07926055285449601,4.422969325172748e-19
37,CQ-DML: apenas b correto,30000,0.05993333333333333,-0.30900129642767765,-0.2627387627520549,0.06447206996693969,0.06447206996693967,8.002511328845916e-18
37,CQ-DML: ambos incorretos,30000,0.05993333333333333,0.8242869302710685,-0.8706045898679737,0.07280812584897481,0.0728081258489748,1.9442476600454766e-17
37,Q: densidade correta,30000,0.05993333333333333,-0.35575566130866926,-0.24541160273498117,0.07114934402818092,0.07114934402818092,3.7821909103937223e-10
37,Q: densidade incorreta,30000,0.05993333333333333,-0.23005010342131327,0.6540680511510072,0.07077411390593863,0.07077411390593862,3.1634586982992645e-10
38,CQ-DML: b e m corretos,30000,0.061066666666666665,-0.4060694030868684,-0.1531355452650213,0.06924696947861912,0.06924696947861912,5.53673165691015e-19
38,CQ-DML: apenas m correto,30000,0.061066666666666665,-0.35102679526967023,-0.19634686040729335,0.07127209491485385,0.07127209491485387,1.258755560519358e-18
38,CQ-DML: apenas b correto,30000,0.061066666666666665,-0.35940041890355906,-0.17987769583010918,0.05986772459431495,0.05986772459431497,9.953352733677188e-19
38,CQ-DML: ambos incorretos,30000,0.061066666666666665,0.7356446459285751,-0.7372473453305287,0.06511117112069513,0.06511117112069513,1.554239789151272e-18
38,Q: densidade correta,30000,0.061066666666666665,-0.4122210410033143,-0.10749091911448717,0.07790942046215979,0.07790942046215979,3.4423721699762106e-10
38,Q: densidade incorreta,30000,0.061066666666666665,-0.280334213071928,0.761952411616614,0.07612741258208247,0.07612741258208248,1.0135766635103729e-09
39,CQ-DML: b e m corretos,30000,0.06096666666666667,-0.33974193945872555,-0.1810088233886657,0.07083636809510131,0.07083636809510131,3.2025022007383025e-18
39,CQ-DML: apenas m correto,30000,0.06096666666666667,-0.3470971137686427,-0.18000485375232117,0.0766451453948557,0.07664514539485572,2.9166489545447633e-18
39,CQ-DML: apenas b correto,30000,0.06096666666666667,-0.30653687560042436,-0.20919623657681222,0.06245022731959974,0.06245022731959974,2.240440272196083e-19
39,CQ-DML: ambos incorretos,30000,0.06096666666666667,0.7814039420094403,-0.7790537411097319,0.06934100064293386,0.06934100064293387,8.132231035120302e-19
39,Q: densidade correta,30000,0.06096666666666667,-0.34336464819958473,-0.18889789903562262,0.07141062890453358,0.07141062890453356,4.333780273181979e-12
39,Q: densidade incorreta,30000,0.06096666666666667,-0.21392927027344721,0.6780481163766869,0.07116763829900326,0.07116763829900327,3.4633429121636373e-10
40,CQ-DML: b e m corretos,30000,0.0603,-0.3379081445054447,-0.22695608212215573,0.06490546391054328,0.06490546391054328,8.640879745021796e-19
40,CQ-DML: apenas m correto,30000,0.0603,-0.33914215808140735,-0.21908013795603415,0.06904293966530227,0.0690429396653023,3.2101519414695526e-18
40,CQ-DML: apenas b correto,30000,0.0603,-0.336710309555271,-0.22181582378418688,0.058500023398515025,0.058500023398515025,2.3469658430400356e-18
40,CQ-DML: ambos incorretos,30000,0.0603,0.6976116829584815,-0.7151257081577194,0.06455118348974212,0.0645511834897421,9.54603213320457e-19
40,Q: densidade correta,30000,0.0603,-0.3299064524375501,-0.22639681579837592,0.07077371315195025,0.07077371315195025,1.7941120280397777e-10
40,Q: densidade incorreta,30000,0.0603,-0.19054200793781856,0.6534087866100032,0.07148762857610083,0.07148762857610082,1.1465655558837216e-10
41,CQ-DML: b e m corretos,30000,0.0627,-0.3739215885416585,-0.06535634797919011,0.06716212112468388,0.06716212112468388,9.123101910898441e-19
41,CQ-DML: apenas m correto,30000,0.0627,-0.3529864816936747,-0.08342061918424158,0.07058444807872669,0.07058444807872669,1.1793851806257657e-19
41,CQ-DML: apenas b correto,30000,0.0627,-0.33621798250944085,-0.08585258930761953,0.05757338569871408,0.057573385698714084,1.5692657618196774e-18
41,CQ-DML: ambos incorretos,30000,0.0627,0.7060592675078948,-0.6099091489933784,0.06153023697473952,0.061530236974739506,8.129076947832399e-17
41,Q: densidade correta,30000,0.0627,-0.39632091841604705,-0.03263449535110624,0.07529534942472858,0.07529534942472856,4.896455054106123e-11
41,Q: densidade incorreta,30000,0.0627,-0.26593465828293195,0.8325353367494792,0.07620842153154013,0.07620842153154012,4.780388464119731e-10
42,CQ-DML: b e m corretos,30000,0.0609,-0.2337885967291305,-0.3098061059789069,0.06643320551466364,0.06643320551466364,1.231847499216964e-18
42,CQ-DML: apenas m correto,30000,0.0609,-0.19610598087088774,-0.35371599554535016,0.07021636352142746,0.07021636352142747,4.131355067147344e-18
42,CQ-DML: apenas b correto,30000,0.0609,-0.23737303776555843,-0.29192701285260425,0.06151107770907734,0.06151107770907734,2.5136865485750254e-18
42,CQ-DML: ambos incorretos,30000,0.0609,0.8534084555965633,-0.8786914840682691,0.07170079949429711,0.07170079949429711,3.125045037051909e-18
42,Q: densidade correta,30000,0.0609,-0.2642266997432608,-0.32035438320053544,0.06499839422080732,0.06499839422080732,4.495972674839094e-10
42,Q: densidade incorreta,30000,0.0609,-0.11545806573793786,0.5507350865470334,0.06520968103589693,0.06520968103589694,1.2909778990853262e-11
43,CQ-DML: b e m corretos,30000,0.058866666666666664,-0.3307670002004354,-0.19632423675085722,0.069424224465304,0.06942422446530401,8.282881855376409e-19
43,CQ-DML: apenas m correto,30000,0.058866666666666664,-0.34117763040306454,-0.17761816469591873,0.07511486793447357,0.07511486793447358,1.2318468369226918e-18
43,CQ-DML: apenas b correto,30000,0.058866666666666664,-0.32551341999970884,-0.20490223272165184,0.06144605145680887,0.06144605145680886,8.69847081374193e-19
43,CQ-DML: ambos incorretos,30000,0.058866666666666664,0.7903511937535743,-0.7941264245094206,0.06925203333020138,0.0692520333302014,1.4313088828510984e-18
43,Q: densidade correta,30000,0.058866666666666664,-0.32399879959515293,-0.20830339465786663,0.06850702519704077,0.06850702519704077,9.44288374667015e-10
43,Q: densidade incorreta,30000,0.058866666666666664,-0.18276127321582947,0.6740010655143958,0.0683068025939802,0.0683068025939802,1.31514316273182e-10
44,CQ-DML: b e m corretos,30000,0.06026666666666667,-0.40535058345101876,-0.12951281703172723,0.07718737975437952,0.07718737975437952,2.179231929751859e-17
44,CQ-DML: apenas m correto,30000,0.06026666666666667,-0.3886375784766393,-0.14603781535085184,0.08358456869324833,0.08358456869324835,4.77860620632407e-19
44,CQ-DML: apenas b correto,30000,0.06026666666666667,-0.3406773706167886,-0.18318461903105485,0.06531074352329534,0.06531074352329533,6.199052457765731e-19
44,CQ-DML: ambos incorretos,30000,0.06026666666666667,0.840368827255466,-0.827456296240458,0.07194808658609853,0.07194808658609853,1.067614216289514e-18
44,Q: densidade correta,30000,0.06026666666666667,-0.3882990824789729,-0.13127442579446705,0.06962895972288516,0.06962895972288517,2.587622210101702e-10
44,Q: densidade incorreta,30000,0.06026666666666667,-0.25155264592011306,0.7358219350903971,0.06911813877477008,0.06911813877477008,8.134997869534853e-10
45,CQ-DML: b e m corretos,30000,0.0586,-0.3224655842739283,-0.16536851564527633,0.06977395682675311,0.06977395682675311,7.722242011160668e-19
45,CQ-DML: apenas m correto,30000,0.0586,-0.2711947886948157,-0.21693102972801262,0.07315920651714848,0.0731592065171485,6.372745204751905e-19
45,CQ-DML: apenas b correto,30000,0.0586,-0.34620403394051463,-0.17753366243232946,0.06110215158869658,0.06110215158869658,1.5862320617917178e-18
45,CQ-DML: ambos incorretos,30000,0.0586,0.7667369119732774,-0.7631972080220571,0.06687709767186929,0.06687709767186929,1.4814924335041498e-18
45,Q: densidade correta,30000,0.0586,-0.347579799850214,-0.15782861916382399,0.06843915283747855,0.06843915283747855,1.48507873522195e-10
45,Q: densidade incorreta,30000,0.0586,-0.22817711534020554,0.7358050504528265,0.06945483365140294,0.06945483365140294,2.691492706231641e-10
46,CQ-DML: b e m corretos,30000,0.060566666666666664,-0.32241517937651515,-0.21495949612705112,0.06532230659655662,0.06532230659655662,1.5187222570437203e-18
46,CQ-DML: apenas m correto,30000,0.060566666666666664,-0.3350789643869191,-0.1927563840696963,0.07010600913991669,0.07010600913991669,9.251069675551001e-19
46,CQ-DML: apenas b correto,30000,0.060566666666666664,-0.33860523187561775,-0.19746181389330555,0.058658377380382584,0.05865837738038259,1.5755632589108703e-18
46,CQ-DML: ambos incorretos,30000,0.060566666666666664,0.721601378773273,-0.7274743686032545,0.06462521972274576,0.06462521972274575,1.0214886811414022e-18
46,Q: densidade correta,30000,0.060566666666666664,-0.306116302839444,-0.21172833366720045,0.06564522898228883,0.06564522898228882,6.274889873988759e-10
46,Q: densidade incorreta,30000,0.060566666666666664,-0.17191486393276753,0.6502443765386169,0.06587081225125131,0.0658708122512513,5.2442343303328356e-11
47,CQ-DML: b e m corretos,30000,0.059333333333333335,-0.35490314542640455,-0.2571113205991646,0.06763238928922742,0.06763238928922741,2.4474843797610575e-18
47,CQ-DML: apenas m correto,30000,0.059333333333333335,-0.37065184442902427,-0.22548678483257845,0.07311846548782305,0.07311846548782304,6.911534648217565e-19
47,CQ-DML: apenas b correto,30000,0.059333333333333335,-0.35130254439342073,-0.2645693498213669,0.060946114168112214,0.0609461141681122,1.2616306429543542e-18
47,CQ-DML: ambos incorretos,30000,0.059333333333333335,0.7211398663282912,-0.819058660275524,0.06848453080287926,0.06848453080287926,8.418767764113204e-16
47,Q: densidade correta,30000,0.059333333333333335,-0.3418275538696027,-0.26165532749924664,0.06813185534878805,0.06813185534878806,1.9018156599394467e-11
47,Q: densidade incorreta,30000,0.059333333333333335,-0.20512423145508563,0.602721982363656,0.06867119989463243,0.06867119989463243,6.176213801485616e-11
48,CQ-DML: b e m corretos,30000,0.059166666666666666,-0.5026564670356092,-0.08498671616655787,0.0780429975509021,0.0780429975509021,2.3626915345501153e-19
48,CQ-DML: apenas m correto,30000,0.059166666666666666,-0.5420601218213534,-0.04289776234545297,0.08913920657373549,0.08913920657373549,4.774024719433855e-19
48,CQ-DML: apenas b correto,30000,0.059166666666666666,-0.4780589829092822,-0.12313923193467231,0.0635929124262836,0.06359291242628358,4.530624829676274e-19
48,CQ-DML: ambos incorretos,30000,0.059166666666666666,0.6758469991090372,-0.740513810985972,0.06636132639830675,0.06636132639830675,1.3509139249174022e-16
48,Q: densidade correta,30000,0.059166666666666666,-0.4531323695985287,-0.11877915552306469,0.06483486202643407,0.06483486202643408,1.5524766892119277e-10
48,Q: densidade incorreta,30000,0.059166666666666666,-0.327547688806471,0.7589490548188427,0.06551286954777895,0.06551286954777895,1.248375436714442e-10
49,CQ-DML: b e m corretos,30000,0.057633333333333335,-0.30664062347923143,-0.2873937926945574,0.06617068427409503,0.06617068427409503,5.030679220995234e-19
49,CQ-DML: apenas m correto,30000,0.057633333333333335,-0.34236722213322646,-0.249238967495556,0.0714861292297098,0.0714861292297098,5.101560075950932e-19
49,CQ-DML: apenas b correto,30000,0.057633333333333335,-0.33844044151778213,-0.2855704429231196,0.06028729194249681,0.060287291942496816,8.465221210952842e-17
49,CQ-DML: ambos incorretos,30000,0.057633333333333335,0.7290954893479275,-0.816397382849817,0.06827768008992327,0.06827768008992328,4.306166500471417e-16
49,Q: densidade correta,30000,0.057633333333333335,-0.3105087852252983,-0.29987231826892063,0.06859040884061307,0.06859040884061306,1.842246858111839e-10
49,Q: densidade incorreta,30000,0.057633333333333335,-0.1836490190633241,0.5819958037631685,0.0678072620272866,0.0678072620272866,2.6593613716659522e-11
50,CQ-DML: b e m corretos,30000,0.06116666666666667,-0.4039320689973684,-0.16485773985587815,0.06874019887955081,0.06874019887955081,1.18764841145487e-18
50,CQ-DML: apenas m correto,30000,0.06116666666666667,-0.39680782179567853,-0.15716993852725927,0.07331399100815647,0.07331399100815648,4.634385234887197e-18
50,CQ-DML: apenas b correto,30000,0.06116666666666667,-0.40159397284101567,-0.14390969709777202,0.059395595964907844,0.059395595964907844,1.3706895450887813e-18
50,CQ-DML: ambos incorretos,30000,0.06116666666666667,0.688120159074289,-0.6917732676183177,0.06362581279434625,0.06362581279434625,1.5735034810898909e-18
50,Q: densidade correta,30000,0.06116666666666667,-0.3863553159858398,-0.14052602625813604,0.06985066289742321,0.06985066289742323,1.188058530435101e-10
50,Q: densidade incorreta,30000,0.06116666666666667,-0.2718937470835458,0.748502243339057,0.06956499667380103,0.06956499667380103,2.780011914655068e-10
51,CQ-DML: b e m corretos,30000,0.0592,-0.3757963727904729,-0.1817959629183935,0.07196058100689907,0.07196058100689906,8.043911413016103e-19
51,CQ-DML: apenas m correto,30000,0.0592,-0.3581204251977836,-0.20540544825024534,0.07660005293023255,0.07660005293023253,9.165327793102096e-19
51,CQ-DML: apenas b correto,30000,0.0592,-0.3405999753953661,-0.2152940311949464,0.06266160855888346,0.06266160855888347,9.531690575467401e-19
51,CQ-DML: ambos incorretos,30000,0.0592,0.7779524490202382,-0.8126730571868449,0.06975284936502613,0.06975284936502613,2.9398625426792665e-18
51,Q: densidade correta,30000,0.0592,-0.3950149841038494,-0.1811403360780913,0.07287177320280494,0.07287177320280495,1.0613952277485485e-09
51,Q: densidade incorreta,30000,0.0592,-0.2586977290602918,0.7014601100257185,0.07198140817592792,0.07198140817592794,4.336784217722998e-10
52,CQ-DML: b e m corretos,30000,0.06143333333333333,-0.41483569061887066,-0.14387961374368305,0.06752490867673548,0.06752490867673548,2.79234816877452e-19
52,CQ-DML: apenas m correto,30000,0.06143333333333333,-0.3868157536884502,-0.16021931144449666,0.07078556376345217,0.07078556376345216,1.4124053724080423e-19
52,CQ-DML: apenas b correto,30000,0.06143333333333333,-0.4430112610258246,-0.10762817846618383,0.05857557021637864,0.05857557021637864,4.244416937575047e-19
52,CQ-DML: ambos incorretos,30000,0.06143333333333333,0.6416292807723787,-0.65438457113913,0.061567616969199344,0.06156761696919934,2.511772871909153e-18
52,Q: densidade correta,30000,0.06143333333333333,-0.3981748378137531,-0.13371270000165483,0.06515251741586489,0.06515251741586489,3.388778879766257e-11
52,Q: densidade incorreta,30000,0.06143333333333333,-0.2637649412757852,0.747651248860699,0.06476756300457655,0.06476756300457655,3.274389635553624e-11
53,CQ-DML: b e m corretos,30000,0.05893333333333333,-0.4698420499460146,-0.032283442325029596,0.07163989006196031,0.07163989006196031,8.165052878929521e-19
53,CQ-DML: apenas m correto,30000,0.05893333333333333,-0.45170735442682325,-0.049230533532598236,0.07590792588251385,0.07590792588251385,4.472221792408846e-18
53,CQ-DML: apenas b correto,30000,0.05893333333333333,-0.4259281374030572,-0.10316411440443887,0.05955929102939682,0.05955929102939681,8.588730421024369e-19
53,CQ-DML: ambos incorretos,30000,0.05893333333333333,0.6733512003679227,-0.6541880558820345,0.06256855714726937,0.06256855714726937,1.1611213778858158e-18
53,Q: densidade correta,30000,0.05893333333333333,-0.4823108303087985,-0.006087268334573163,0.07633266657761571,0.07633266657761571,1.294993967649473e-10
53,Q: densidade incorreta,30000,0.05893333333333333,-0.33794232678477004,0.8536352708717418,0.07663900593610334,0.07663900593610336,5.653659527412905e-12
54,CQ-DML: b e m corretos,30000,0.0602,-0.37297351022117803,-0.219509057453946,0.063486905594065,0.06348690559406502,1.3435178367803358e-18
54,CQ-DML: apenas m correto,30000,0.0602,-0.3606471707221013,-0.20927241363540383,0.06659656496407447,0.06659656496407447,1.0111449696915528e-18
54,CQ-DML: apenas b correto,30000,0.0602,-0.3923177501305506,-0.19247807365785244,0.05668944124640454,0.05668944124640455,4.849496704578849e-18
54,CQ-DML: ambos incorretos,30000,0.0602,0.6356469843043462,-0.6827556432851478,0.06140399796499888,0.06140399796499889,4.053721060328891e-18
54,Q: densidade correta,30000,0.0602,-0.36757490204530513,-0.19451005591202541,0.07164096790037747,0.07164096790037748,6.315210627829485e-11
54,Q: densidade incorreta,30000,0.0602,-0.2422243631135639,0.6911629266419921,0.07106536157227682,0.07106536157227682,7.627318527895641e-11
55,CQ-DML: b e m corretos,30000,0.06066666666666667,-0.22631124024480684,-0.2814281162660589,0.06688356487722474,0.06688356487722474,4.7130269732458365e-18
55,CQ-DML: apenas m correto,30000,0.06066666666666667,-0.20903152617961904,-0.29192738462837203,0.07106541803256136,0.07106541803256138,1.1147612785301367e-18
55,CQ-DML: apenas b correto,30000,0.06066666666666667,-0.23562371088166578,-0.2621498950777712,0.061257242350374844,0.06125724235037486,1.746331808383094e-18
55,CQ-DML: ambos incorretos,30000,0.06066666666666667,0.8439945485882809,-0.8136989384839837,0.07070912461747808,0.07070912461747811,3.794976905612457e-18
55,Q: densidade correta,30000,0.06066666666666667,-0.22541760767757188,-0.277384084587396,0.0688504594489961,0.0688504594489961,1.149816527613787e-10
55,Q: densidade incorreta,30000,0.06066666666666667,-0.10470223174125452,0.6141164863548845,0.0690261894805405,0.06902618948054047,4.48658972948717e-11
56,CQ-DML: b e m corretos,30000,0.058833333333333335,-0.40248041791634,-0.14306867506292464,0.073707306328157,0.073707306328157,9.082911107828375e-19
56,CQ-DML: apenas m correto,30000,0.058833333333333335,-0.3488509619229726,-0.2006823984183812,0.07753835417384189,0.07753835417384189,5.099692032585054e-18
56,CQ-DML: apenas b correto,30000,0.058833333333333335,-0.3770685055626014,-0.1823981596219745,0.06331323275449885,0.06331323275449886,1.3743368826162452e-18
56,CQ-DML: ambos incorretos,30000,0.058833333333333335,0.786212745846942,-0.7993458922966951,0.069536536894727,0.069536536894727,6.247053988586465e-19
56,Q: densidade correta,30000,0.058833333333333335,-0.3966180032109349,-0.13709382232954137,0.06670424706203248,0.06670424706203248,7.873016544094802e-11
56,Q: densidade incorreta,30000,0.058833333333333335,-0.2524196578532376,0.728920196945299,0.06641720959723645,0.06641720959723645,2.537504924306582e-10
57,CQ-DML: b e m corretos,30000,0.0619,-0.3753803608869385,-0.1534112069367962,0.07172107518421325,0.07172107518421325,8.392174554981284e-19
57,CQ-DML: apenas m correto,30000,0.0619,-0.4383601084224458,-0.0991712461914691,0.08062173205508762,0.08062173205508762,5.99656433934445e-19
57,CQ-DML: apenas b correto,30000,0.0619,-0.3680658251384479,-0.1443346448963458,0.06204663336200178,0.062046633362001766,7.833396929568661e-19
57,CQ-DML: ambos incorretos,30000,0.0619,0.7361305344474554,-0.7232445598773819,0.067287952852785,0.067287952852785,6.940201569443357e-19
57,Q: densidade correta,30000,0.0619,-0.34139494203515003,-0.17684472161678363,0.06327219525827481,0.0632721952582748,7.284185705799969e-11
57,Q: densidade incorreta,30000,0.0619,-0.2061527521745825,0.692198692526707,0.06388602962660636,0.06388602962660635,1.6229886744795268e-10
58,CQ-DML: b e m corretos,30000,0.06136666666666667,-0.33879561181680684,-0.23813878517106304,0.06766688703640199,0.06766688703640199,2.1353608223845933e-18
58,CQ-DML: apenas m correto,30000,0.06136666666666667,-0.33095597522744097,-0.2650107168713616,0.07205961101754597,0.07205961101754596,6.597824158506265e-19
58,CQ-DML: apenas b correto,30000,0.06136666666666667,-0.3091790940351824,-0.24365239459516605,0.06072387046014046,0.060723870460140474,1.0998118686117606e-18
58,CQ-DML: ambos incorretos,30000,0.06136666666666667,0.7621768639444242,-0.8195485721275066,0.06814340231814871,0.0681434023181487,1.2316495811087739e-17
58,Q: densidade correta,30000,0.06136666666666667,-0.36267660004996466,-0.24484987401552824,0.07194155854295609,0.07194155854295607,4.51806943685191e-10
58,Q: densidade incorreta,30000,0.06136666666666667,-0.2408869436017547,0.6328676385942972,0.07324614965808483,0.07324614965808485,2.3511353470883295e-10
59,CQ-DML: b e m corretos,30000,0.0591,-0.3373352311697244,-0.1824394360101158,0.06613852537426682,0.06613852537426682,9.443587895097307e-19
59,CQ-DML: apenas m correto,30000,0.0591,-0.3051679915586999,-0.23726524425200934,0.06857644927497912,0.06857644927497912,2.677638950766548e-19
59,CQ-DML: apenas b correto,30000,0.0591,-0.3791236425047947,-0.18501316711218505,0.05893320810128788,0.05893320810128789,2.9323273139058422e-18
59,CQ-DML: ambos incorretos,30000,0.0591,0.7091170054188747,-0.7219437901861946,0.06473485226340947,0.06473485226340947,2.4858507002949623e-18
59,Q: densidade correta,30000,0.0591,-0.35398583968586295,-0.17453717311041128,0.06673866311112157,0.06673866311112157,7.400333887652686e-11
59,Q: densidade incorreta,30000,0.0591,-0.21836395003987633,0.6947899238938258,0.06687073203616056,0.06687073203616056,5.279177246712419e-11
60,CQ-DML: b e m corretos,30000,0.05943333333333333,-0.28296526790781773,-0.2866728014907501,0.06924122257846767,0.06924122257846764,2.4698269152200166e-18
60,CQ-DML: apenas m correto,30000,0.05943333333333333,-0.2909051283636336,-0.2857241380637748,0.07473547979791725,0.07473547979791727,1.4925745558091519e-18
60,CQ-DML: apenas b correto,30000,0.05943333333333333,-0.2627550573079221,-0.29674361454055775,0.06316894303816513,0.06316894303816513,4.134884231472573e-18
60,CQ-DML: ambos incorretos,30000,0.05943333333333333,0.8405789678696203,-0.8746885426754765,0.07226893070156955,0.07226893070156956,4.207045823277954e-18
60,Q: densidade correta,30000,0.05943333333333333,-0.29092795374191993,-0.28635903741358204,0.06876605818873523,0.06876605818873524,3.783370901788934e-11
60,Q: densidade incorreta,30000,0.05943333333333333,-0.1496710761499923,0.5905037807691076,0.06887724931793263,0.06887724931793261,5.107743851761335e-11
61,CQ-DML: b e m corretos,30000,0.0607,-0.4309838592832057,-0.17490077924671776,0.06751037758111558,0.06751037758111558,1.5633023913267067e-18
61,CQ-DML: apenas m correto,30000,0.0607,-0.4092919018935758,-0.19195678652755052,0.0706897586492412,0.07068975864924118,1.0991547562743149e-17
61,CQ-DML: apenas b correto,30000,0.0607,-0.44981768744969636,-0.13902109771248478,0.05864911081410895,0.05864911081410896,1.3895903843820117e-18
61,CQ-DML: ambos incorretos,30000,0.0607,0.6340918640336995,-0.6901606158045557,0.0621252888955212,0.06212528889552121,3.2989980963435304e-17
61,Q: densidade correta,30000,0.0607,-0.42188554928661626,-0.16635218876403962,0.06680582472864316,0.06680582472864317,1.2235685110003372e-10
61,Q: densidade incorreta,30000,0.0607,-0.2936891083947827,0.7153223370825209,0.06621850465261184,0.06621850465261184,8.149618760982535e-12
62,CQ-DML: b e m corretos,30000,0.06113333333333333,-0.27907126568704754,-0.1840269387338231,0.07067615710739984,0.07067615710739983,1.2499916579294754e-18
62,CQ-DML: apenas m correto,30000,0.06113333333333333,-0.2644480602183728,-0.18019562245497922,0.07559782208528938,0.07559782208528938,5.915765969988714e-19
62,CQ-DML: apenas b correto,30000,0.06113333333333333,-0.2980081290120106,-0.15649249991115705,0.06190696413127958,0.061906964131279586,2.5026597995994037e-19
62,CQ-DML: ambos incorretos,30000,0.06113333333333333,0.8115339993851783,-0.7373737508049929,0.06880571671720777,0.06880571671720777,1.2669908969047941e-15
62,Q: densidade correta,30000,0.06113333333333333,-0.2663551077692007,-0.17290646709838978,0.06782267604526902,0.06782267604526905,1.5151773152440462e-10
62,Q: densidade incorreta,30000,0.06113333333333333,-0.16313587105097477,0.7271024675771904,0.0672116693753653,0.0672116693753653,2.953138630188578e-10
63,CQ-DML: b e m corretos,30000,0.0615,-0.3153051535825669,-0.28911639741977346,0.06675630444809977,0.06675630444809978,3.810923197048243e-19
63,CQ-DML: apenas m correto,30000,0.0615,-0.3161865478072529,-0.28953740414446344,0.07096230012631272,0.07096230012631273,1.2829826979361775e-18
63,CQ-DML: apenas b correto,30000,0.0615,-0.3534496287094047,-0.24041906887801817,0.06032706846943593,0.06032706846943594,5.5091077594645335e-18
63,CQ-DML: ambos incorretos,30000,0.0615,0.7303996953243366,-0.7936951738674819,0.06769898340227204,0.06769898340227204,1.768664373620475e-15
63,Q: densidade correta,30000,0.0615,-0.3084744509905712,-0.2911766859988354,0.06469920185159442,0.06469920185159442,1.643763728417467e-11
63,Q: densidade incorreta,30000,0.0615,-0.1902776044417905,0.5922746533246269,0.06435451560233105,0.06435451560233106,3.6565210810752034e-11
64,CQ-DML: b e m corretos,30000,0.060833333333333336,-0.3808035410242467,-0.151931057971251,0.06679583802507111,0.06679583802507111,3.973893823151285e-18
64,CQ-DML: apenas m correto,30000,0.060833333333333336,-0.38093024699716604,-0.14933977122755346,0.0708971614684332,0.07089716146843321,2.0961236115289384e-18
64,CQ-DML: apenas b correto,30000,0.060833333333333336,-0.36230526885333697,-0.1502053182018813,0.05866479195336163,0.05866479195336163,2.914177309340187e-18
64,CQ-DML: ambos incorretos,30000,0.060833333333333336,0.7239536919065521,-0.6996988124596615,0.06434995619608022,0.06434995619608022,8.850365443013634e-18
64,Q: densidade correta,30000,0.060833333333333336,-0.38051332423188555,-0.1442299729023479,0.0695438684145752,0.0695438684145752,9.585595293851958e-11
64,Q: densidade incorreta,30000,0.060833333333333336,-0.22977708588106657,0.7211532218763816,0.06903911068596807,0.06903911068596806,1.813894885085722e-10
65,CQ-DML: b e m corretos,30000,0.06066666666666667,-0.39308770392776476,-0.19519659715097085,0.07177496337254494,0.07177496337254492,1.741798564153941e-18
65,CQ-DML: apenas m correto,30000,0.06066666666666667,-0.3809542081500192,-0.2216526581140574,0.07644853903837646,0.07644853903837646,1.3978947660132117e-18
65,CQ-DML: apenas b correto,30000,0.06066666666666667,-0.40147171637273077,-0.18011391525802878,0.06195272237856145,0.06195272237856145,6.362734545845917e-19
65,CQ-DML: ambos incorretos,30000,0.06066666666666667,0.7235462137380391,-0.7673035153061447,0.06634700686906429,0.06634700686906429,5.425199565095429e-18
65,Q: densidade correta,30000,0.06066666666666667,-0.38924716505946566,-0.19619507560132776,0.06562217208991947,0.06562217208991944,3.9528120468663213e-10
65,Q: densidade incorreta,30000,0.06066666666666667,-0.26469012128308195,0.6958937843931187,0.06512041598990678,0.06512041598990677,1.253042668922722e-10
66,CQ-DML: b e m corretos,30000,0.05826666666666667,-0.35009085451009686,-0.1906416764210042,0.07511829643334365,0.07511829643334365,8.082486256856316e-19
66,CQ-DML: apenas m correto,30000,0.05826666666666667,-0.3054407458827842,-0.2156097406451856,0.08040229905087828,0.08040229905087828,3.4870057225845764e-19
66,CQ-DML: apenas b correto,30000,0.05826666666666667,-0.3436261888012538,-0.2115791829291139,0.06490966562517095,0.06490966562517095,2.222123003531973e-18
66,CQ-DML: ambos incorretos,30000,0.05826666666666667,0.842829203929437,-0.843064435788969,0.07223565560377206,0.07223565560377207,1.2810570586636099e-18
66,Q: densidade correta,30000,0.05826666666666667,-0.3342789894049803,-0.17191119836078672,0.06795120911940598,0.06795120911940598,5.284801535472666e-10
66,Q: densidade incorreta,30000,0.05826666666666667,-0.21410353202399032,0.7199243183713255,0.06696618158136006,0.06696618158136006,3.3109184699570696e-10
67,CQ-DML: b e m corretos,30000,0.05683333333333333,-0.3333098360179848,-0.15662449807228,0.07312846032616051,0.07312846032616051,1.6488047527256236e-19
67,CQ-DML: apenas m correto,30000,0.05683333333333333,-0.2627227669887261,-0.22112719725322133,0.07625288097111012,0.07625288097111012,9.28636376357325e-19
67,CQ-DML: apenas b correto,30000,0.05683333333333333,-0.36491004334494215,-0.18934337517622404,0.06326233908684499,0.063262339086845,2.329134025936444e-18
67,CQ-DML: ambos incorretos,30000,0.05683333333333333,0.8111018473071158,-0.8143570692897043,0.06982431420414754,0.06982431420414754,5.663562062813237e-19
67,Q: densidade correta,30000,0.05683333333333333,-0.3366148750937437,-0.15853839614850554,0.06678443689359916,0.06678443689359914,1.0996015229862885e-10
67,Q: densidade incorreta,30000,0.05683333333333333,-0.21745498977672648,0.7275696880878769,0.06672367985914701,0.06672367985914703,1.7135708026123008e-10
68,CQ-DML: b e m corretos,30000,0.05803333333333333,-0.35404794632082337,-0.22803449996828778,0.06990119650528494,0.06990119650528494,1.6091642219951605e-18
68,CQ-DML: apenas m correto,30000,0.05803333333333333,-0.32372013300057045,-0.23779830935493954,0.0747601379091221,0.07476013790912213,1.6880023192989999e-19
68,CQ-DML: apenas b correto,30000,0.05803333333333333,-0.3442768524995075,-0.25363317773362976,0.06209593536375293,0.062095935363752935,1.3935799071014477e-18
68,CQ-DML: ambos incorretos,30000,0.05803333333333333,0.764450551406337,-0.8037474605057335,0.06885273103856031,0.06885273103856031,5.841964041980512e-18
68,Q: densidade correta,30000,0.05803333333333333,-0.34009969344034346,-0.19732110458097823,0.0708379748554966,0.07083797485549659,7.53263051037136e-10
68,Q: densidade incorreta,30000,0.05803333333333333,-0.2178473781892477,0.6865913292786495,0.07202582137605898,0.07202582137605898,2.552205883875982e-10
69,CQ-DML: b e m corretos,30000,0.05976666666666667,-0.38864127102814194,-0.1443902185552845,0.06740438850565979,0.06740438850565979,3.1082354938077533e-18
69,CQ-DML: apenas m correto,30000,0.05976666666666667,-0.39598285392099664,-0.14116767220797957,0.07211958998088563,0.07211958998088562,5.001282091597592e-19
69,CQ-DML: apenas b correto,30000,0.05976666666666667,-0.39358126693324563,-0.1631270114725185,0.059033915920073406,0.05903391592007339,1.4009960254323913e-18
69,CQ-DML: ambos incorretos,30000,0.05976666666666667,0.6824442893869412,-0.7132343186386433,0.06410928088462418,0.06410928088462418,1.6508708094672388e-17
69,Q: densidade correta,30000,0.05976666666666667,-0.3930053673749066,-0.1521932610873841,0.06944220724982915,0.06944220724982915,1.1186297290089767e-10
69,Q: densidade incorreta,30000,0.05976666666666667,-0.25921164370682637,0.7143225880818912,0.06967771347992482,0.06967771347992482,1.2775194492634528e-10
70,CQ-DML: b e m corretos,30000,0.05973333333333333,-0.3139055279815929,-0.2271730604601902,0.06751562596007885,0.06751562596007886,9.833424642306311e-19
70,CQ-DML: apenas m correto,30000,0.05973333333333333,-0.3419653811607315,-0.20930838062023865,0.07286370993738049,0.0728637099373805,2.2995695170005387e-18
70,CQ-DML: apenas b correto,30000,0.05973333333333333,-0.34745336517242453,-0.2251785387082029,0.060585356222403804,0.0605853562224038,9.158592881840093e-19
70,CQ-DML: ambos incorretos,30000,0.05973333333333333,0.7282078934684431,-0.7794384718969146,0.06765810952046838,0.06765810952046838,1.2077595984566821e-17
70,Q: densidade correta,30000,0.05973333333333333,-0.32591192271928665,-0.24302809552898505,0.06516826437373659,0.0651682643737366,1.916506947763561e-11
70,Q: densidade incorreta,30000,0.05973333333333333,-0.19307334876482687,0.6201447893273725,0.06488791027592002,0.06488791027592002,4.0787691674484746e-11
71,CQ-DML: b e m corretos,30000,0.05773333333333333,-0.2960804130437548,-0.2774514923000344,0.07090727984438391,0.07090727984438391,2.3632595788073807e-16
71,CQ-DML: apenas m correto,30000,0.05773333333333333,-0.3057124042864094,-0.25522659918778295,0.0769356250260898,0.0769356250260898,8.423379617238592e-19
71,CQ-DML: apenas b correto,30000,0.05773333333333333,-0.3244049473651993,-0.2779902932626145,0.06357297001798083,0.06357297001798083,3.129342241226696e-17
71,CQ-DML: ambos incorretos,30000,0.05773333333333333,0.8068674259325233,-0.8716001442429641,0.07239984637304844,0.07239984637304844,8.344574392830115e-17
71,Q: densidade correta,30000,0.05773333333333333,-0.2881462681569898,-0.2692636751257845,0.06699173161508504,0.06699173161508504,1.3847492468308242e-11
71,Q: densidade incorreta,30000,0.05773333333333333,-0.17671422159373443,0.6165683691137873,0.06654144319766775,0.06654144319766776,6.017264675237681e-11
72,CQ-DML: b e m corretos,30000,0.061,-0.2977414213594562,-0.28747147574027726,0.06659936859322708,0.06659936859322708,1.3987917697390528e-17
72,CQ-DML: apenas m correto,30000,0.061,-0.29790083494982883,-0.27864588391719397,0.07100144364110453,0.07100144364110453,3.2802076590601115e-16
72,CQ-DML: apenas b correto,30000,0.061,-0.35062542499688054,-0.2487160585305425,0.060481529857954706,0.060481529857954706,9.168944106814325e-19
72,CQ-DML: ambos incorretos,30000,0.061,0.737491687494466,-0.8078429235954704,0.06831960998099593,0.06831960998099593,6.116939422385071e-17
72,Q: densidade correta,30000,0.061,-0.2997846268390766,-0.27798628297275996,0.061974312455491246,0.06197431245549125,2.812742456753247e-10
72,Q: densidade incorreta,30000,0.061,-0.17340974928723996,0.5880277809647014,0.06200792356119667,0.06200792356119668,2.1743767633602362e-11
73,CQ-DML: b e m corretos,30000,0.0618,-0.378471441844884,-0.09245673147811151,0.0704568402246163,0.07045684022461629,3.829782922074858e-18
73,CQ-DML: apenas m correto,30000,0.0618,-0.3762583542403557,-0.08426061116902485,0.0753489584308756,0.0753489584308756,3.85726226697915e-19
73,CQ-DML: apenas b correto,30000,0.0618,-0.3731090169906067,-0.08706757951245672,0.06022298065193946,0.060222980651939456,6.024424430492341e-19
73,CQ-DML: ambos incorretos,30000,0.0618,0.7502115800802486,-0.6659345916495618,0.06534712214060656,0.06534712214060656,4.219858358153337e-17
73,Q: densidade correta,30000,0.0618,-0.3508135170486153,-0.08376723573555667,0.06761014819096488,0.06761014819096489,1.589912952350852e-10
73,Q: densidade incorreta,30000,0.0618,-0.21912425540265473,0.7930350199068863,0.0673680573305584,0.06736805733055842,4.5794608355222143e-10
74,CQ-DML: b e m corretos,30000,0.058866666666666664,-0.23963686246843358,-0.3234494621969164,0.06965957541885297,0.06965957541885297,8.609077051217504e-19
74,CQ-DML: apenas m correto,30000,0.058866666666666664,-0.23168153725526458,-0.3446032935147404,0.07458759774563445,0.07458759774563443,8.265757322337525e-19
74,CQ-DML: apenas b correto,30000,0.058866666666666664,-0.23874270820486715,-0.34475192049086,0.06450936042501766,0.06450936042501766,3.627977843824943e-19
74,CQ-DML: ambos incorretos,30000,0.058866666666666664,0.8863212733358512,-0.9443383845129587,0.07615129257180496,0.07615129257180495,1.1354996761013723e-16
74,Q: densidade correta,30000,0.058866666666666664,-0.2537355182716402,-0.32006266148088214,0.06964003512169407,0.06964003512169406,2.61134417670046e-11
74,Q: densidade incorreta,30000,0.058866666666666664,-0.13753575852477107,0.5500017102047241,0.06948364562484377,0.06948364562484378,2.5571419534653114e-11
75,CQ-DML: b e m corretos,30000,0.0603,-0.41773635908848555,-0.19401476857692534,0.07089770039200553,0.07089770039200552,2.6233712603180876e-19
75,CQ-DML: apenas m correto,30000,0.0603,-0.41374177018509334,-0.18889945454098955,0.0759126126159777,0.0759126126159777,2.4479831359043638e-18
75,CQ-DML: apenas b correto,30000,0.0603,-0.40742853241651505,-0.18655427596722501,0.06129207916734082,0.061292079167340814,2.0546365603624406e-18
75,CQ-DML: ambos incorretos,30000,0.0603,0.7096279014987114,-0.7771465838992332,0.06702844027591934,0.06702844027591932,6.379402495378048e-17
75,Q: densidade correta,30000,0.0603,-0.40696435731180564,-0.1903391654689946,0.0679664673827742,0.0679664673827742,1.4949567343554363e-10
75,Q: densidade incorreta,30000,0.0603,-0.2789724903607209,0.6884046362680618,0.067113550615792,0.067113550615792,1.122345160437604e-10
76,CQ-DML: b e m corretos,30000,0.057966666666666666,-0.49591390490009657,-0.09942709383757055,0.07592480760501753,0.07592480760501753,1.0141190242396357e-18
76,CQ-DML: apenas m correto,30000,0.057966666666666666,-0.46875409168223575,-0.13543613898266466,0.08028444652828168,0.08028444652828169,6.236812959598529e-19
76,CQ-DML: apenas b correto,30000,0.057966666666666666,-0.422986125889943,-0.18400488887592203,0.06276671522666898,0.06276671522666898,2.6083001320234085e-18
76,CQ-DML: ambos incorretos,30000,0.057966666666666666,0.7112634170745352,-0.7823418046366999,0.06746440385591143,0.06746440385591142,4.801557284519574e-17
76,Q: densidade correta,30000,0.057966666666666666,-0.5306819446879244,-0.07576415887728358,0.08062931758319744,0.08062931758319744,5.667198317864499e-12
76,Q: densidade incorreta,30000,0.057966666666666666,-0.39627994943844713,0.8046071678633571,0.07967324331486011,0.0796732433148601,1.6182518081832842e-09
77,CQ-DML: b e m corretos,30000,0.059833333333333336,-0.36897576467133286,-0.13533607538245293,0.06810035438223362,0.06810035438223362,2.5512277276378624e-18
77,CQ-DML: apenas m correto,30000,0.059833333333333336,-0.34952672102600185,-0.1526789312527543,0.07156897412257332,0.07156897412257332,5.183857908769903e-19
77,CQ-DML: apenas b correto,30000,0.059833333333333336,-0.373460713155997,-0.14288393257931808,0.05887253073050891,0.05887253073050891,2.0902064197531196e-18
77,CQ-DML: ambos incorretos,30000,0.059833333333333336,0.6988428874715357,-0.697170387723729,0.06361756624263919,0.06361756624263919,1.598281825901202e-18
77,Q: densidade correta,30000,0.059833333333333336,-0.38989323297463,-0.1335940597694864,0.07504600306000919,0.07504600306000919,1.6266911992301433e-10
77,Q: densidade incorreta,30000,0.059833333333333336,-0.2786041161822405,0.7677130189409131,0.07475773090514053,0.07475773090514053,5.404661543275144e-10
78,CQ-DML: b e m corretos,30000,0.0603,-0.4035095196001491,-0.1858829809784649,0.07193696177971483,0.07193696177971484,2.833071447185964e-17
78,CQ-DML: apenas m correto,30000,0.0603,-0.3555519852309285,-0.23135120357620154,0.07586704101223338,0.0758670410122334,2.2139375617784712e-18
78,CQ-DML: apenas b correto,30000,0.0603,-0.39246935479969036,-0.1665689808094735,0.062076352824165196,0.06207635282416518,1.5827117331807636e-18
78,CQ-DML: ambos incorretos,30000,0.0603,0.7421025153846594,-0.7693999196585752,0.06717669584582667,0.06717669584582664,2.6561431533225933e-18
78,Q: densidade correta,30000,0.0603,-0.4072955864473428,-0.18239807174038591,0.06607213519350084,0.06607213519350086,1.5938828981246995e-10
78,Q: densidade incorreta,30000,0.0603,-0.2701846513637291,0.7156170703718195,0.06548946099092433,0.06548946099092434,1.6301274960159713e-10
79,CQ-DML: b e m corretos,30000,0.06026666666666667,-0.44771044361727974,-0.10272910243464088,0.06803770595699803,0.06803770595699803,1.0226321606163247e-18
79,CQ-DML: apenas m correto,30000,0.06026666666666667,-0.44331659895291603,-0.1109641474311187,0.07197950800496229,0.07197950800496228,8.346910304047117e-19
79,CQ-DML: apenas b correto,30000,0.06026666666666667,-0.4280525299567891,-0.12268467981346981,0.058347259016038516,0.058347259016038516,8.515294824206219e-19
79,CQ-DML: ambos incorretos,30000,0.06026666666666667,0.6419655426792172,-0.6645480487140465,0.06178979939433334,0.06178979939433335,1.1274683657235843e-18
79,Q: densidade correta,30000,0.06026666666666667,-0.46277746673544695,-0.07347379059919967,0.0724096372646384,0.07240963726463841,2.9133935171266613e-10
79,Q: densidade incorreta,30000,0.06026666666666667,-0.31659304643346464,0.7864625058474504,0.07180209125202534,0.07180209125202533,1.8650074300967587e-10
80,CQ-DML: b e m corretos,30000,0.0584,-0.331635283866226,-0.2642233348263572,0.06622121549756257,0.06622121549756257,1.2826489049141017e-18
80,CQ-DML: apenas m correto,30000,0.0584,-0.33902782835307155,-0.25580581531472163,0.07055464292609989,0.07055464292609988,4.4116109428273865e-18
80,CQ-DML: apenas b correto,30000,0.0584,-0.36827712323918416,-0.2518828865377546,0.05983825533472673,0.059838255334726746,1.6875862884498108e-18
80,CQ-DML: ambos incorretos,30000,0.0584,0.70390834616554,-0.7834625157002046,0.06644772100239511,0.0664477210023951,6.7064088795976165e-15
80,Q: densidade correta,30000,0.0584,-0.33031068771508443,-0.27110754386821284,0.0671834696945078,0.0671834696945078,4.609172770163599e-11
80,Q: densidade incorreta,30000,0.0584,-0.19777102698795743,0.6127562275589677,0.06673618251611253,0.06673618251611253,3.062291122239227e-11
81,CQ-DML: b e m corretos,30000,0.062266666666666665,-0.3510685883685886,-0.1809918663589533,0.06694049111808911,0.06694049111808913,1.0670441821244064e-17
81,CQ-DML: apenas m correto,30000,0.062266666666666665,-0.37193938487756406,-0.1660963058498026,0.07202269522989353,0.07202269522989352,1.3503363902348131e-17
81,CQ-DML: apenas b correto,30000,0.062266666666666665,-0.34178188700118023,-0.17168722412074944,0.05915321546264312,0.05915321546264313,2.5608907956358255e-18
81,CQ-DML: ambos incorretos,30000,0.062266666666666665,0.7270337635575876,-0.7326913372338786,0.06539092387289838,0.06539092387289838,2.6638159745747784e-18
81,Q: densidade correta,30000,0.062266666666666665,-0.36191509048393383,-0.18055806098010077,0.07054701376219191,0.07054701376219191,4.453996588951323e-10
81,Q: densidade incorreta,30000,0.062266666666666665,-0.23736677917917026,0.6968469792072416,0.0706071725282092,0.0706071725282092,2.8862261881613215e-10
82,CQ-DML: b e m corretos,30000,0.06016666666666667,-0.31777483700761927,-0.22125393728025833,0.06471217873667397,0.06471217873667397,1.2858720581636698e-18
82,CQ-DML: apenas m correto,30000,0.06016666666666667,-0.29926273399369385,-0.24046048668146017,0.06781781488033098,0.06781781488033099,1.247274838070437e-18
82,CQ-DML: apenas b correto,30000,0.06016666666666667,-0.346145663387071,-0.19172218435441948,0.05806280949103388,0.05806280949103389,3.7635001610966565e-19
82,CQ-DML: ambos incorretos,30000,0.06016666666666667,0.7067726526496978,-0.7308428783054677,0.06449842360832009,0.06449842360832009,3.537893905257751e-18
82,Q: densidade correta,30000,0.06016666666666667,-0.33720291183377404,-0.21429471741452893,0.0682736334083011,0.0682736334083011,1.1289560876124633e-10
82,Q: densidade incorreta,30000,0.06016666666666667,-0.21454971998342828,0.6695821618229506,0.06802346441242968,0.06802346441242968,6.609749246248938e-11
83,CQ-DML: b e m corretos,30000,0.06016666666666667,-0.3525571295924358,-0.23835117658109015,0.06638022100526797,0.06638022100526798,1.0246800574886727e-18
83,CQ-DML: apenas m correto,30000,0.06016666666666667,-0.3710127254380932,-0.2222785100046985,0.07066067410051094,0.07066067410051094,1.8732647492458822e-18
83,CQ-DML: apenas b correto,30000,0.06016666666666667,-0.3694005714676176,-0.21793619021028446,0.059490558251791184,0.05949055825179116,3.095815248819237e-19
83,CQ-DML: ambos incorretos,30000,0.06016666666666667,0.7136781844424588,-0.7647024433894769,0.0663216268503712,0.0663216268503712,2.747343999497406e-16
83,Q: densidade correta,30000,0.06016666666666667,-0.3413472102997853,-0.2395235428225048,0.06894418135654024,0.06894418135654024,8.672232908839578e-11
83,Q: densidade incorreta,30000,0.06016666666666667,-0.2065565502496746,0.6400093651248081,0.06715760307364071,0.06715760307364073,6.164564555173116e-11
84,CQ-DML: b e m corretos,30000,0.061566666666666665,-0.42277981444163026,-0.1550792358705839,0.06752540277504664,0.06752540277504664,2.7749555086709438e-18
84,CQ-DML: apenas m correto,30000,0.061566666666666665,-0.44695156947165443,-0.1269066959631229,0.07339692409649697,0.07339692409649697,1.2089711931865069e-18
84,CQ-DML: apenas b correto,30000,0.061566666666666665,-0.4237158226861882,-0.1287990224857558,0.05843148906465704,0.05843148906465703,1.2166500024407969e-18
84,CQ-DML: ambos incorretos,30000,0.061566666666666665,0.6287104839100848,-0.6711010325401366,0.06194101669486892,0.06194101669486892,5.251284959613406e-17
84,Q: densidade correta,30000,0.061566666666666665,-0.4052983500575484,-0.16876452430217936,0.06741681895525344,0.06741681895525344,1.5655760995703428e-10
84,Q: densidade incorreta,30000,0.061566666666666665,-0.28389303959534207,0.7099554404327039,0.06757414876814202,0.06757414876814202,4.989703852315593e-11
85,CQ-DML: b e m corretos,30000,0.059533333333333334,-0.4314206102610706,-0.1382376940083527,0.07015897725409599,0.07015897725409599,1.7014432602390075e-18
85,CQ-DML: apenas m correto,30000,0.059533333333333334,-0.4553427133272435,-0.11778086325377808,0.07627098271078672,0.07627098271078672,5.286020134229384e-17
85,CQ-DML: apenas b correto,30000,0.059533333333333334,-0.41850843432158125,-0.15099269334328577,0.06000638718716288,0.06000638718716288,2.5097562418812987e-18
85,CQ-DML: ambos incorretos,30000,0.059533333333333334,0.6728691117533171,-0.7129891235557306,0.06429097456676687,0.06429097456676686,8.948270224680337e-17
85,Q: densidade correta,30000,0.059533333333333334,-0.43246534345101156,-0.1369547640607806,0.07150551754335553,0.07150551754335553,1.1511143816101305e-10
85,Q: densidade incorreta,30000,0.059533333333333334,-0.30776964464905415,0.750513913900488,0.071690589109559,0.071690589109559,2.3957613343275306e-10
86,CQ-DML: b e m corretos,30000,0.06023333333333333,-0.3561623012780494,-0.1349975808566789,0.06748705770913967,0.06748705770913968,2.0947518502168448e-17
86,CQ-DML: apenas m correto,30000,0.06023333333333333,-0.3446237843288584,-0.14791012338093099,0.07122946608767726,0.07122946608767725,1.0257494348813332e-18
86,CQ-DML: apenas b correto,30000,0.06023333333333333,-0.4004578995722005,-0.1050019558764622,0.0586824883025719,0.058682488302571896,1.0014047097861632e-18
86,CQ-DML: ambos incorretos,30000,0.06023333333333333,0.67276472448455,-0.6506710638110295,0.06212025163830521,0.06212025163830521,5.161977497776962e-18
86,Q: densidade correta,30000,0.06023333333333333,-0.36820214378805677,-0.12766990517519194,0.06767692529832399,0.06767692529832399,3.4040812311180315e-11
86,Q: densidade incorreta,30000,0.06023333333333333,-0.25401471960758787,0.763814209512665,0.06627047622822557,0.06627047622822559,7.316148061062582e-11
87,CQ-DML: b e m corretos,30000,0.059166666666666666,-0.4527439070054874,-0.1066633735431341,0.07373346164174849,0.07373346164174849,1.0824555010974263e-18
87,CQ-DML: apenas m correto,30000,0.059166666666666666,-0.40564679188786323,-0.15223613687315649,0.07745114665591211,0.07745114665591213,4.594503393383828e-19
87,CQ-DML: apenas b correto,30000,0.059166666666666666,-0.4127648317299763,-0.15904709531554204,0.061826668074408286,0.061826668074408286,2.239010409145003e-18
87,CQ-DML: ambos incorretos,30000,0.059166666666666666,0.7207776828862904,-0.7552278912687486,0.066376327936446,0.066376327936446,8.816533339641118e-19
87,Q: densidade correta,30000,0.059166666666666666,-0.45950333072268745,-0.09831455952435353,0.07404354327363945,0.07404354327363948,5.703855101410466e-10
87,Q: densidade incorreta,30000,0.059166666666666666,-0.3359537713131054,0.7894250987389363,0.07489877497166178,0.07489877497166178,9.972216524136883e-10
88,CQ-DML: b e m corretos,30000,0.0572,-0.34775770791469496,-0.22144805802170903,0.06938743649278813,0.06938743649278813,8.907968985851171e-19
88,CQ-DML: apenas m correto,30000,0.0572,-0.3765588283416386,-0.18676008579149203,0.07603293535659982,0.07603293535659982,2.432284422615909e-18
88,CQ-DML: apenas b correto,30000,0.0572,-0.3385289873502253,-0.25341522697667945,0.061543028906044496,0.0615430289060445,2.0415869394432164e-18
88,CQ-DML: ambos incorretos,30000,0.0572,0.7250891105123168,-0.7830729479208903,0.06774169447045196,0.06774169447045197,2.784439095411586e-17
88,Q: densidade correta,30000,0.0572,-0.3539113270566252,-0.22609210749358502,0.07563826507963202,0.07563826507963203,1.674092008015723e-11
88,Q: densidade incorreta,30000,0.0572,-0.23870287523928993,0.6737393875058734,0.07577363566034041,0.07577363566034041,2.844263113864171e-10
89,CQ-DML: b e m corretos,30000,0.058166666666666665,-0.30446149889339363,-0.20574077641837527,0.07029351389641549,0.07029351389641549,5.361258690480837e-19
89,CQ-DML: apenas m correto,30000,0.058166666666666665,-0.3213191065245687,-0.19320581092764025,0.0760067139267455,0.0760067139267455,3.424650140704438e-19
89,CQ-DML: apenas b correto,30000,0.058166666666666665,-0.3276337025503161,-0.22258636835520612,0.062319355311227814,0.062319355311227835,7.240229244314316e-19
89,CQ-DML: ambos incorretos,30000,0.058166666666666665,0.8120927695042868,-0.8291605102647422,0.07096963911354225,0.07096963911354225,2.167204416991363e-18
89,Q: densidade correta,30000,0.058166666666666665,-0.3146722321616955,-0.20990686756784424,0.0694629217907832,0.0694629217907832,1.2630161407681175e-09
89,Q: densidade incorreta,30000,0.058166666666666665,-0.20190726161909767,0.6787796475981762,0.06907498647338346,0.06907498647338348,1.6559922600526778e-10
90,CQ-DML: b e m corretos,30000,0.058666666666666666,-0.4159319046825305,-0.1069141553448771,0.07420297890967575,0.07420297890967577,7.678772620258427e-19
90,CQ-DML: apenas m correto,30000,0.058666666666666666,-0.4106994408945318,-0.10618861129260344,0.08034731326533633,0.08034731326533633,1.4078231231515778e-18
90,CQ-DML: apenas b correto,30000,0.058666666666666666,-0.37734344680525955,-0.17395378724395444,0.06292920095131158,0.06292920095131156,1.4438028445685554e-18
90,CQ-DML: ambos incorretos,30000,0.058666666666666666,0.7465335867028584,-0.7726849757466318,0.06852316752617876,0.06852316752617875,1.1579773764639486e-18
90,Q: densidade correta,30000,0.058666666666666666,-0.4273188412212326,-0.11627213073044396,0.07217675539186726,0.07217675539186726,1.9392474107587896e-10
90,Q: densidade incorreta,30000,0.058666666666666666,-0.28553369473073875,0.7516092302647901,0.0722309535391815,0.0722309535391815,6.8257584299133e-10
91,CQ-DML: b e m corretos,30000,0.059866666666666665,-0.33577847451741133,-0.23123076035981793,0.07260414354740767,0.07260414354740766,9.420856758593078e-19
91,CQ-DML: apenas m correto,30000,0.059866666666666665,-0.3554085914334166,-0.21316364528359208,0.07966621213174299,0.07966621213174299,2.0747870167776183e-18
91,CQ-DML: apenas b correto,30000,0.059866666666666665,-0.3366232634334034,-0.21697015557942104,0.06390316498760376,0.06390316498760375,2.2276354270578693e-18
91,CQ-DML: ambos incorretos,30000,0.059866666666666665,0.8062397442464485,-0.8333611858196432,0.07119079123562654,0.07119079123562654,1.2370273306252178e-18
91,Q: densidade correta,30000,0.059866666666666665,-0.3188516838978101,-0.24231792879552436,0.06280408636496841,0.0628040863649684,2.5605521633111134e-11
91,Q: densidade incorreta,30000,0.059866666666666665,-0.18015216371072476,0.6401462929211178,0.06284281722265449,0.06284281722265449,7.464509072469131e-11
92,CQ-DML: b e m corretos,30000,0.06373333333333334,-0.2848696784883082,-0.28170361688967255,0.06532802953973582,0.06532802953973581,1.3615670686751107e-18
92,CQ-DML: apenas m correto,30000,0.06373333333333334,-0.2418621300241905,-0.3341836440025017,0.06820804242902107,0.06820804242902107,3.168309898256375e-19
92,CQ-DML: apenas b correto,30000,0.06373333333333334,-0.2690836373589799,-0.24576074607146012,0.059586842683726424,0.05958684268372642,1.144595490566763e-15
92,CQ-DML: ambos incorretos,30000,0.06373333333333334,0.7729304397148001,-0.8072271246949039,0.06714280680223318,0.06714280680223318,2.978900844205365e-18
92,Q: densidade correta,30000,0.06373333333333334,-0.3194251436402574,-0.27692068158250693,0.07184563140713476,0.07184563140713476,2.3414998739662973e-10
92,Q: densidade incorreta,30000,0.06373333333333334,-0.1979097186803942,0.6101367671453284,0.07119891645401573,0.07119891645401573,1.340855976013002e-10
93,CQ-DML: b e m corretos,30000,0.06186666666666667,-0.34660297412183416,-0.19744188542372484,0.0688824250535658,0.06888242505356579,1.031824619044977e-18
93,CQ-DML: apenas m correto,30000,0.06186666666666667,-0.3208581400776262,-0.2146874273618253,0.07283364615268434,0.07283364615268433,1.800783731045422e-18
93,CQ-DML: apenas b correto,30000,0.06186666666666667,-0.3392807874914035,-0.1856658991133038,0.060854473802088846,0.06085447380208884,3.436321435554417e-18
93,CQ-DML: ambos incorretos,30000,0.06186666666666667,0.7606753610118036,-0.7709536177628699,0.06772693898366713,0.06772693898366712,6.893886059845399e-19
93,Q: densidade correta,30000,0.06186666666666667,-0.35170901646830804,-0.1890876270393846,0.0686459829534524,0.06864598295345238,5.495088273741431e-12
93,Q: densidade incorreta,30000,0.06186666666666667,-0.2221346742815571,0.6883693698335792,0.06869524052963172,0.06869524052963173,2.617152025447842e-10
94,CQ-DML: b e m corretos,30000,0.0583,-0.36287970198526104,-0.23000123516181745,0.06911080976705164,0.06911080976705164,2.3312107218640225e-18
94,CQ-DML: apenas m correto,30000,0.0583,-0.3992638862546854,-0.2083542427735274,0.07530672554545156,0.07530672554545156,1.807063864207011e-18
94,CQ-DML: apenas b correto,30000,0.0583,-0.3913520119272013,-0.2172468039418893,0.061153844301685294,0.06115384430168531,2.2412972774721314e-18
94,CQ-DML: ambos incorretos,30000,0.0583,0.7025802110369621,-0.7746534716059023,0.06754706153833301,0.06754706153833302,1.3391824401544212e-16
94,Q: densidade correta,30000,0.0583,-0.3546302246264301,-0.2478793157229796,0.0640643798978108,0.06406437989781082,9.313435370562002e-11
94,Q: densidade incorreta,30000,0.0583,-0.2190076177077266,0.6309665789266523,0.06424505855563534,0.06424505855563534,1.1577063332271873e-13
95,CQ-DML: b e m corretos,30000,0.06026666666666667,-0.4363865526275242,-0.18890197000900105,0.06794466899597403,0.06794466899597403,7.261844301846915e-19
95,CQ-DML: apenas m correto,30000,0.06026666666666667,-0.4450072418013652,-0.17483544742515705,0.07303297287989594,0.07303297287989591,3.551148770174625e-19
95,CQ-DML: apenas b correto,30000,0.06026666666666667,-0.4169935013240158,-0.1814761898956553,0.05907899284488938,0.059078992844889364,1.6111451626264679e-18
95,CQ-DML: ambos incorretos,30000,0.06026666666666667,0.6536790532816344,-0.7134234807759313,0.06356865971659745,0.06356865971659745,4.00739429444376e-16
95,Q: densidade correta,30000,0.06026666666666667,-0.432847781366359,-0.1758161317127573,0.06971908875731804,0.06971908875731804,2.3730506714068994e-10
95,Q: densidade incorreta,30000,0.06026666666666667,-0.2919373165828047,0.7052940684802002,0.07051417413082012,0.07051417413082012,1.08148708691699e-10
96,CQ-DML: b e m corretos,30000,0.06096666666666667,-0.30180491262092424,-0.16579865168192426,0.07051702124090954,0.07051702124090954,3.5397473537940105e-19
96,CQ-DML: apenas m correto,30000,0.06096666666666667,-0.29825545008516025,-0.1465702426752897,0.07627662897774562,0.07627662897774563,9.236478996898292e-19
96,CQ-DML: apenas b correto,30000,0.06096666666666667,-0.273330528380801,-0.19321668048346627,0.06244651444777232,0.06244651444777231,2.1049553982211792e-18
96,CQ-DML: ambos incorretos,30000,0.06096666666666667,0.8279008654782782,-0.7687785120971287,0.0703482511195569,0.0703482511195569,3.544964902061483e-16
96,Q: densidade correta,30000,0.06096666666666667,-0.2791536203890666,-0.1596659304126035,0.06980937622915136,0.06980937622915136,1.221265797037435e-09
96,Q: densidade incorreta,30000,0.06096666666666667,-0.14633125864752014,0.7007114245530598,0.06933523251904757,0.06933523251904758,2.645745347306853e-10
97,CQ-DML: b e m corretos,30000,0.0633,-0.40707320672704594,-0.06921370841013468,0.07029988357796227,0.07029988357796227,5.701992408483674e-19
97,CQ-DML: apenas m correto,30000,0.0633,-0.39600377875018067,-0.058205779286816486,0.07569042113317917,0.07569042113317917,3.449011089469066e-19
97,CQ-DML: apenas b correto,30000,0.0633,-0.38251782680837704,-0.07045077081018611,0.059566845906717986,0.059566845906717965,9.473140218408002e-19
97,CQ-DML: ambos incorretos,30000,0.0633,0.7085725570462191,-0.6458113551051619,0.06355426279407639,0.06355426279407639,6.5144596731621456e-15
97,Q: densidade correta,30000,0.0633,-0.39509856879834676,-0.060476195997875626,0.06986217223211695,0.06986217223211696,1.9822773996754023e-10
97,Q: densidade incorreta,30000,0.0633,-0.2748265016209337,0.8206784896471125,0.07091273696913379,0.07091273696913379,5.443784688487625e-12
98,CQ-DML: b e m corretos,30000,0.0625,-0.31803157730488146,-0.2496597000093153,0.0631297402393365,0.06312974023933653,4.675260817745046e-19
98,CQ-DML: apenas m correto,30000,0.0625,-0.287857352963041,-0.2820975788749884,0.06584887700450784,0.06584887700450784,4.906949975097856e-19
98,CQ-DML: apenas b correto,30000,0.0625,-0.3169630016098797,-0.20757968053775788,0.05737076362983911,0.0573707636298391,2.3049134399096005e-18
98,CQ-DML: ambos incorretos,30000,0.0625,0.7163280760331245,-0.7368707352649791,0.06453595545836917,0.06453595545836917,4.92606110371499e-18
98,Q: densidade correta,30000,0.0625,-0.3290009552936369,-0.24279037748293725,0.06805054570679865,0.06805054570679865,5.3445875479962494e-11
98,Q: densidade incorreta,30000,0.0625,-0.19677000927978663,0.6352215577992063,0.06879745248926676,0.06879745248926676,7.860506142139089e-11
99,CQ-DML: b e m corretos,30000,0.05826666666666667,-0.40311982693681564,-0.08560028659904076,0.08001949387688945,0.08001949387688945,3.2394997396499386e-17
99,CQ-DML: apenas m correto,30000,0.05826666666666667,-0.4860572598001101,-0.014534397975851663,0.092707767359432,0.092707767359432,8.0929941780434895e-19
99,CQ-DML: apenas b correto,30000,0.05826666666666667,-0.36260326496621087,-0.16918380931643925,0.0662070837265587,0.06620708372655872,1.5069856204602652e-18
99,CQ-DML: ambos incorretos,30000,0.05826666666666667,0.8091028177770034,-0.8149450723230771,0.07279904234687772,0.0727990423468777,7.337701041876398e-19
99,Q: densidade correta,30000,0.05826666666666667,-0.38848532183849366,-0.1313382410797855,0.06969751410244693,0.06969751410244691,1.8667100909454855e-10
99,Q: densidade incorreta,30000,0.05826666666666667,-0.26401166389999964,0.7393404996820763,0.06918278569381447,0.06918278569381447,7.197959925554158e-10
