scenario,label,curvature,confounding,method,rep,seed,test_seed,n,test_n,converters,conversion,success,fit_success,error,warnings,convergence_warning,estimate_json,coefficients_json,log_ratio_rmse,lift_mae,lift_bias,rank_spearman,theta0,theta1,kappa,se0,se1,se_kappa,moment_norm,jac_condition,jac_min_singular,fit_seconds,invalid_train_fraction,poisson_iterations,poisson_gradient_max,invalid_grid_fraction,s_clipped_grid_fraction
linear_standard,"Log-linear, alocação padrão",0.0,1.0,DML-linear,0,2495653324,4149914585,3000,1000,123,0.041,True,True,,,False,"{""theta"": [-0.23973609567195492, -0.4967441962980762], ""se"": [0.23778787900593756, 0.23778787900593756], ""moment_norm"": 8.672306600880289e-19, ""jac_condition"": 4.94304313712625, ""cov"": [[0.0565430754021424, -0.03597402898818255], [-0.03597402898818255, 0.0565430754021424]], ""jac_singular_values"": [0.018080132351834692, 0.003657692609647341]}",,0.20242551068859915,0.18632003353272927,0.028595652747274457,1.0,-0.23973609567195492,-0.4967441962980762,,0.23778787900593756,0.23778787900593756,,8.672306600880289e-19,4.94304313712625,0.003657692609647341,0.3112925000000002,,,,,
linear_standard,"Log-linear, alocação padrão",0.0,1.0,DML-quadratic,0,2495653324,4149914585,3000,1000,123,0.041,True,True,,,False,"{""theta"": [-0.25334349237505427, -0.3002293402231005, -0.535296609836378], ""se"": [0.2356998904036719, 0.24621713286087263, 0.3625193981511991], ""moment_norm"": 6.79970286772167e-16, ""jac_condition"": 8.674610214087556, ""cov"": [[0.05555443833630295, -0.03715826293278254, 0.005658986358186764], [-0.03715826293278254, 0.06062287651422861, -0.030584881173217157], [0.005658986358186764, -0.030584881173217157, 0.13142031403590762]], ""jac_singular_values"": [0.0251224712356892, 0.005262985274591459, 0.0028960922295840266]}",,0.26527440226619853,0.19531336602058358,-0.19531336602058358,1.0,-0.25334349237505427,-0.3002293402231005,-0.535296609836378,0.2356998904036719,0.24621713286087263,0.3625193981511991,6.79970286772167e-16,8.674610214087556,0.0028960922295840266,0.38530129999999985,,,,,
linear_standard,"Log-linear, alocação padrão",0.0,1.0,Log-mean-linear,0,2495653324,4149914585,3000,1000,123,0.041,True,True,,,False,,"[-3.2808702745685903, 0.6359798700728801, 0.2202440836611107, -0.21507481744095938, -0.325083987486852]",0.11831896457252995,0.08383002598342795,-0.0021413836341520566,1.0,-0.21507481744095938,-0.325083987486852,,,,,,,,0.0018873000000001472,0.0,11.0,5.856730825130422e-10,0.0,
linear_standard,"Log-linear, alocação padrão",0.0,1.0,Log-mean-quadratic,0,2495653324,4149914585,3000,1000,123,0.041,True,True,,,False,,"[-3.1119222340407844, 0.6402871897710918, 0.2213616361847029, -0.24163521193180218, -0.22373095291921652, -0.5789585257180251]",0.2791601205952447,0.21546936382184634,-0.21546936382184634,1.0,-0.24163521193180218,-0.22373095291921652,-0.5789585257180251,,,,,,,0.002191000000000054,0.0,19.0,6.725910196454336e-10,0.0,
linear_standard,"Log-linear, alocação padrão",0.0,1.0,S-learner,0,2495653324,4149914585,3000,1000,123,0.041,True,True,,,False,,,0.900292352002255,0.5362849707349203,-0.4585867094773631,0.6124818427851586,,,,,,,,,,0.04363519999999976,,,,0.0,0.0
linear_standard,"Log-linear, alocação padrão",0.0,1.0,DML-linear,1,1418295205,3145108396,3000,1000,145,0.04833333333333333,True,True,,,False,"{""theta"": [-0.40558403785116526, -0.11289930894896907], ""se"": [0.186652790443977, 0.18665279044397703], ""moment_norm"": 1.4922834838768911e-18, ""jac_condition"": 3.6418189708932704, ""cov"": [[0.034839264180523195, -0.018500553427074348], [-0.018500553427074348, 0.0348392641805232]], ""jac_singular_values"": [0.02297825165536622, 0.006309553505821319]}",,0.06493244556730048,0.05297455579753685,0.002754736460961077,1.0,-0.40558403785116526,-0.11289930894896907,,0.186652790443977,0.18665279044397703,,1.4922834838768911e-18,3.6418189708932704,0.006309553505821319,0.2648728,,,,,
linear_standard,"Log-linear, alocação padrão",0.0,1.0,DML-quadratic,1,1418295205,3145108396,3000,1000,145,0.04833333333333333,True,True,,,False,"{""theta"": [-0.40593530303684955, -0.12445595064058806, 0.0400308340218818], ""se"": [0.18648767928591706, 0.20249456168049512, 0.30838876838867363], ""moment_norm"": 1.2502429682016354e-18, ""jac_condition"": 7.248309128213796, ""cov"": [[0.03477765452544706, -0.020911016365908898, 0.00830022846863272], [-0.020911016365908898, 0.04100404751017584, -0.024259871098780174], [0.00830022846863272, -0.024259871098780174, 0.095103632468283]], ""jac_singular_values"": [0.023639235357971668, 0.006658936895430404, 0.003261344810192594]}",,0.06193250427055324,0.04806589516600888,0.020412917898812055,1.0,-0.40593530303684955,-0.12445595064058806,0.0400308340218818,0.18648767928591706,0.20249456168049512,0.30838876838867363,1.2502429682016354e-18,7.248309128213796,0.003261344810192594,0.3884920000000003,,,,,
linear_standard,"Log-linear, alocação padrão",0.0,1.0,Log-mean-linear,1,1418295205,3145108396,3000,1000,145,0.04833333333333333,True,True,,,False,,"[-3.190214291429052, 0.6011329711342394, 0.5192725758198007, -0.4530121511764564, -0.084255002220694]",0.09731302039722366,0.06997187391783574,0.009828183160112147,1.0,-0.4530121511764564,-0.084255002220694,,,,,,,,0.0018768000000002338,0.0,13.0,1.5334886966043385e-10,0.0,
linear_standard,"Log-linear, alocação padrão",0.0,1.0,Log-mean-quadratic,1,1418295205,3145108396,3000,1000,145,0.04833333333333333,True,True,,,False,,"[-3.1851706734696834, 0.6016275775356285, 0.5193476773773135, -0.4546587806850402, -0.08070813183965388, -0.01689502962899315]",0.09997942245245027,0.07262430461602311,0.002877484273798146,1.0,-0.4546587806850402,-0.08070813183965388,-0.01689502962899315,,,,,,,0.0019911999999999708,0.0,15.0,1.5069962580382955e-08,0.0,
linear_standard,"Log-linear, alocação padrão",0.0,1.0,S-learner,1,1418295205,3145108396,3000,1000,145,0.04833333333333333,True,True,,,False,,,0.4503972029499994,0.4309911234663875,0.21734146673177046,0.5072787006692495,,,,,,,,,,0.04689370000000004,,,,0.0,0.0
curved_randomized,"Curvo, dose aleatorizada uniforme",0.8,0.0,DML-linear,0,2495653324,4149914585,3000,1000,195,0.065,True,True,,,False,"{""theta"": [-0.2595004852643169, -0.3498789199682542], ""se"": [0.1526338320503366, 0.1526338320503366], ""moment_norm"": 1.8827588955447082e-19, ""jac_condition"": 4.1535015960037756, ""cov"": [[0.023297086686370358, -0.013916045168296944], [-0.013916045168296944, 0.023297086686370358]], ""jac_singular_values"": [0.03681462962916188, 0.008863516427821402]}",,0.38973642516245705,0.4152126661147705,-0.4152126661147705,1.0,-0.2595004852643169,-0.3498789199682542,,0.1526338320503366,0.1526338320503366,,1.8827588955447082e-19,4.1535015960037756,0.008863516427821402,0.26027599999999973,,,,,
curved_randomized,"Curvo, dose aleatorizada uniforme",0.8,0.0,DML-quadratic,0,2495653324,4149914585,3000,1000,195,0.065,True,True,,,False,"{""theta"": [-0.22250038984540454, -0.39447343618909453, 0.5562131817519969], ""se"": [0.1578400984411311, 0.15451665718490684, 0.26373806899237534], ""moment_norm"": 5.5059213518214326e-18, ""jac_condition"": 6.9213008142535175, ""cov"": [[0.024913496675905953, -0.014968402170749373, 0.00781995556125812], [-0.014968402170749373, 0.02387539734759802, -0.0012266778324887479], [0.00781995556125812, -0.0012266778324887479, 0.06955776903582693]], ""jac_singular_values"": [0.0266569125811377, 0.006664647044684821, 0.0038514310093618904]}",,0.18771591562352274,0.2039965829722759,-0.13711263767405046,1.0,-0.22250038984540454,-0.39447343618909453,0.5562131817519969,0.1578400984411311,0.15451665718490684,0.26373806899237534,5.5059213518214326e-18,6.9213008142535175,0.0038514310093618904,0.38112879999999993,,,,,
curved_randomized,"Curvo, dose aleatorizada uniforme",0.8,0.0,Log-mean-linear,0,2495653324,4149914585,3000,1000,195,0.065,True,True,,,False,,"[-2.9880193860173687, 0.6475754712902109, 0.2375196859722604, -0.2962708935234249, -0.4232354583342589]",0.4008473500856758,0.399674881537034,-0.399674881537034,1.0,-0.2962708935234249,-0.4232354583342589,,,,,,,,0.0018658000000000285,0.0,14.0,3.920240071453307e-10,0.0,
curved_randomized,"Curvo, dose aleatorizada uniforme",0.8,0.0,Log-mean-quadratic,0,2495653324,4149914585,3000,1000,195,0.065,True,True,,,False,,"[-3.124641434729959, 0.6506893851035802, 0.23364461186648638, -0.2669961924584025, -0.38538625989729036, 0.4049685187293795]",0.22556169480197982,0.22939007783558768,-0.21690027573221998,1.0,-0.2669961924584025,-0.38538625989729036,0.4049685187293795,,,,,,,0.0020924999999998306,0.0,18.0,2.2276545049715325e-09,0.0,
curved_randomized,"Curvo, dose aleatorizada uniforme",0.8,0.0,S-learner,0,2495653324,4149914585,3000,1000,195,0.065,True,True,,,False,,,0.43362199531709417,0.6483062729826188,0.3928897459140521,0.5186491701545545,,,,,,,,,,0.04589510000000008,,,,0.0,0.0
curved_randomized,"Curvo, dose aleatorizada uniforme",0.8,0.0,DML-linear,1,1418295205,3145108396,3000,1000,207,0.069,True,True,,,False,"{""theta"": [-0.43025395185510446, -0.1177429967187914], ""se"": [0.13688917541589427, 0.1368891754158943], ""moment_norm"": 1.699868704156548e-18, ""jac_condition"": 3.7575450996419892, ""cov"": [[0.018738646346043473, -0.010919924400666931], [-0.010919924400666931, 0.01873864634604348]], ""jac_singular_values"": [0.04248088566900721, 0.011305489233663408]}",,0.38009581465146197,0.41413016321618235,-0.41413016321618235,1.0,-0.43025395185510446,-0.1177429967187914,,0.13688917541589427,0.1368891754158943,,1.699868704156548e-18,3.7575450996419892,0.011305489233663408,0.26533380000000006,,,,,
curved_randomized,"Curvo, dose aleatorizada uniforme",0.8,0.0,DML-quadratic,1,1418295205,3145108396,3000,1000,207,0.069,True,True,,,False,"{""theta"": [-0.3947545562149306, -0.10930848532608971, 0.9213876134227251], ""se"": [0.14273217191993487, 0.14140193066993378, 0.23780813766682612], ""moment_norm"": 4.525114594982753e-17, ""jac_condition"": 6.0445067645469095, ""cov"": [[0.02037247290098184, -0.011701202560321911, 0.006579815018015695], [-0.011701202560321911, 0.01999450599718476, 0.002273039446742838], [0.006579815018015695, 0.002273039446742838, 0.056552710340564125]], ""jac_singular_values"": [0.023737178806953668, 0.0066897383132710425, 0.003927066298639999]}",,0.08515888060038625,0.10366883794492106,0.08363777180933463,1.0,-0.3947545562149306,-0.10930848532608971,0.9213876134227251,0.14273217191993487,0.14140193066993378,0.23780813766682612,4.525114594982753e-17,6.0445067645469095,0.003927066298639999,0.3927749999999999,,,,,
curved_randomized,"Curvo, dose aleatorizada uniforme",0.8,0.0,Log-mean-linear,1,1418295205,3145108396,3000,1000,207,0.069,True,True,,,False,,"[-2.9427734463454414, 0.5443939609656824, 0.4636033935746254, -0.592309942942425, -0.1859335070269982]",0.40347319020834566,0.3751433271258328,-0.3751433271258328,1.0,-0.592309942942425,-0.1859335070269982,,,,,,,,0.001787500000000719,0.0,13.0,2.655539399321061e-09,0.0,
curved_randomized,"Curvo, dose aleatorizada uniforme",0.8,0.0,Log-mean-quadratic,1,1418295205,3145108396,3000,1000,207,0.069,True,True,,,False,,"[-3.279076447691095, 0.5457036273846928, 0.4589055410038085, -0.47502360698652724, -0.14176462330367648, 0.9347618652344654]",0.10714075360197724,0.15618082743000009,0.12031962322904047,1.0,-0.47502360698652724,-0.14176462330367648,0.9347618652344654,,,,,,,0.0018649999999995615,0.0,14.0,7.504175638976355e-09,0.0,
curved_randomized,"Curvo, dose aleatorizada uniforme",0.8,0.0,S-learner,1,1418295205,3145108396,3000,1000,207,0.069,True,True,,,False,,,0.37402682603206217,0.4324791264062608,0.05783965730094687,-0.7177805249088657,,,,,,,,,,0.043640199999999574,,,,0.0,0.0
curved_standard,"Curvo, alocação padrão",0.8,1.0,DML-linear,0,2495653324,4149914585,3000,1000,166,0.05533333333333333,True,True,,,False,"{""theta"": [-0.19987925588811162, -0.06059373596962229], ""se"": [0.17128617371017418, 0.17128617371017416], ""moment_norm"": 1.1645954942728826e-18, ""jac_condition"": 4.119996299287254, ""cov"": [[0.029338953304271963, -0.018295438250881563], [-0.018295438250881563, 0.02933895330427196]], ""jac_singular_values"": [0.02742008718042742, 0.006655366944181723]}",,0.39431320331000225,0.44395590256437184,-0.44395590256437184,1.0,-0.19987925588811162,-0.06059373596962229,,0.17128617371017418,0.17128617371017416,,1.1645954942728826e-18,4.119996299287254,0.006655366944181723,0.2599916999999996,,,,,
curved_standard,"Curvo, alocação padrão",0.8,1.0,DML-quadratic,0,2495653324,4149914585,3000,1000,166,0.05533333333333333,True,True,,,False,"{""theta"": [-0.1770157664287965, -0.15443659065317697, 0.2847079160173731], ""se"": [0.17373462921319535, 0.1884653568178929, 0.2717898195058248], ""moment_norm"": 7.873042171892094e-19, ""jac_condition"": 7.617930444879763, ""cov"": [[0.03018372138784647, -0.02014195370825178, 0.0067064089470513545], [-0.02014195370825178, 0.03551919072049568, -0.02125948046426577], [0.0067064089470513545, -0.02125948046426577, 0.07386970598700883]], ""jac_singular_values"": [0.02444097643630407, 0.006681203286238021, 0.003208348594562395]}",,0.26526192123614434,0.31786442894208583,-0.31676643078101346,1.0,-0.1770157664287965,-0.15443659065317697,0.2847079160173731,0.17373462921319535,0.1884653568178929,0.2717898195058248,7.873042171892094e-19,7.617930444879763,0.003208348594562395,0.38197550000000025,,,,,
curved_standard,"Curvo, alocação padrão",0.8,1.0,Log-mean-linear,0,2495653324,4149914585,3000,1000,166,0.05533333333333333,True,True,,,False,,"[-3.0381867437832426, 0.6417351251734598, 0.215297219002222, -0.2681289733950152, -0.04704565324037354]",0.38853898913303453,0.43783355908499055,-0.43783355908499055,1.0,-0.2681289733950152,-0.04704565324037354,,,,,,,,0.0016340999999995276,0.0,11.0,2.80470401089102e-10,0.0,
curved_standard,"Curvo, alocação padrão",0.8,1.0,Log-mean-quadratic,0,2495653324,4149914585,3000,1000,166,0.05533333333333333,True,True,,,False,,"[-3.158939969015353, 0.6367531279446982, 0.21410288920965892, -0.24864174554434954, -0.130534134982864, 0.3787557452060932]",0.21085657227988164,0.26534864063727054,-0.26514356607831646,1.0,-0.24864174554434954,-0.130534134982864,0.3787557452060932,,,,,,,0.001787799999999784,0.0,13.0,1.2326480788156976e-08,0.0,
curved_standard,"Curvo, alocação padrão",0.8,1.0,S-learner,0,2495653324,4149914585,3000,1000,166,0.05533333333333333,True,True,,,False,,,0.63183657538575,0.5895158517953237,-0.5403322671984392,-0.8282042397008463,,,,,,,,,,0.043652400000000036,,,,0.0,0.0
curved_standard,"Curvo, alocação padrão",0.8,1.0,DML-linear,1,1418295205,3145108396,3000,1000,192,0.064,True,True,,,False,"{""theta"": [-0.5599791472741543, -0.018168952095816503], ""se"": [0.158898095797199, 0.158898095797199], ""moment_norm"": 7.57440298712746e-19, ""jac_condition"": 4.380071730489244, ""cov"": [[0.025248604847975826, -0.01657075252873982], [-0.01657075252873982, 0.025248604847975826]], ""jac_singular_values"": [0.036937702378194666, 0.00843312727530807]}",,0.41194403109018674,0.39959597602245434,-0.3909271024531062,1.0,-0.5599791472741543,-0.018168952095816503,,0.158898095797199,0.158898095797199,,7.57440298712746e-19,4.380071730489244,0.00843312727530807,0.26124540000000085,,,,,
curved_standard,"Curvo, alocação padrão",0.8,1.0,DML-quadratic,1,1418295205,3145108396,3000,1000,192,0.064,True,True,,,False,"{""theta"": [-0.5691788620677475, -0.3114114064600297, 1.0075147360856656], ""se"": [0.16643464890999435, 0.182080916595851, 0.2757694000098284], ""moment_norm"": 1.5296822037975776e-18, ""jac_condition"": 7.843167965996123, ""cov"": [[0.02770049235779308, -0.018533195154591238, 0.004604275121850831], [-0.018533195154591238, 0.03315346018838524, -0.02048215955891515], [0.004604275121850831, -0.02048215955891515, 0.07604876198178075]], ""jac_singular_values"": [0.022177019486092082, 0.0055066989337218195, 0.0028275589127046683]}",,0.18391469186733836,0.2987553032201658,0.2407465033085196,1.0,-0.5691788620677475,-0.3114114064600297,1.0075147360856656,0.16643464890999435,0.182080916595851,0.2757694000098284,1.5296822037975776e-18,7.843167965996123,0.0028275589127046683,0.3863045999999999,,,,,
curved_standard,"Curvo, alocação padrão",0.8,1.0,Log-mean-linear,1,1418295205,3145108396,3000,1000,192,0.064,True,True,,,False,,"[-2.9632747763820206, 0.6733298077972875, 0.5126414262658259, -0.6586390372268526, 0.011384838724607427]",0.4410328061157874,0.3909818667625159,-0.3662021805519491,-1.0,-0.6586390372268526,0.011384838724607427,,,,,,,,0.0018466999999997569,0.0,13.0,1.3684278806399183e-10,0.0,
curved_standard,"Curvo, alocação padrão",0.8,1.0,Log-mean-quadratic,1,1418295205,3145108396,3000,1000,192,0.064,True,True,,,False,,"[-3.2241663418902244, 0.6391683698693027, 0.5087319153537887, -0.5514382835221712, -0.1534285033960105, 0.7965793966369877]",0.1303686703863266,0.18837694310034805,0.050743585411946,1.0,-0.5514382835221712,-0.1534285033960105,0.7965793966369877,,,,,,,0.0019617999999992364,0.0,15.0,4.590490262468272e-09,0.0,
curved_standard,"Curvo, alocação padrão",0.8,1.0,S-learner,1,1418295205,3145108396,3000,1000,192,0.064,True,True,,,False,,,0.43495267253327,0.5575110353872121,0.05824282660737262,0.27399920537840994,,,,,,,,,,0.0443163000000002,,,,0.0,0.0
